"Fichero","DISTRITOS","RELACIONADAS_CON_LAS_PERSONAS","RELACIONADAS_CON_EL_PATRIMONIO","POR_TENENCIA_DE_ARMAS","POR_TENENCIA_DE_DROGAS","POR_CONSUMO_DE_DROGAS","fecha","codigo"
"ARGANZUELA","DATOS_ENERO_2014.xls",61,45,3,10,6,"2014-01-01",2
"BARAJAS","DATOS_ENERO_2014.xls",9,18,0,10,0,"2014-01-01",21
"CARABANCHEL","DATOS_ENERO_2014.xls",130,129,6,13,4,"2014-01-01",11
"CENTRO","DATOS_ENERO_2014.xls",48,127,10,190,82,"2014-01-01",1
"CHAMARTÍN","DATOS_ENERO_2014.xls",12,29,0,16,9,"2014-01-01",5
"CHAMBERÍ","DATOS_ENERO_2014.xls",30,20,1,1,2,"2014-01-01",7
"CIUDAD LINEAL","DATOS_ENERO_2014.xls",46,30,8,33,0,"2014-01-01",15
"FUENCARRAL - EL PARDO","DATOS_ENERO_2014.xls",25,32,0,5,2,"2014-01-01",8
"HORTALEZA","DATOS_ENERO_2014.xls",18,28,7,46,18,"2014-01-01",16
"LATINA","DATOS_ENERO_2014.xls",14,57,2,4,10,"2014-01-01",10
"MONCLOA - ARAVACA","DATOS_ENERO_2014.xls",36,18,0,5,0,"2014-01-01",9
"MORATALAZ","DATOS_ENERO_2014.xls",2,16,0,0,0,"2014-01-01",14
"OTRAS ZONAS","DATOS_ENERO_2014.xls",0,0,0,0,0,"2014-01-01",22
"PUENTE DE VALLECAS","DATOS_ENERO_2014.xls",98,85,5,23,12,"2014-01-01",13
"RETIRO","DATOS_ENERO_2014.xls",0,19,4,12,0,"2014-01-01",3
"SALAMANCA","DATOS_ENERO_2014.xls",18,58,0,7,0,"2014-01-01",4
"SAN BLAS - CANILLEJAS","DATOS_ENERO_2014.xls",18,12,2,5,5,"2014-01-01",20
"TETUÁN","DATOS_ENERO_2014.xls",33,29,7,15,1,"2014-01-01",6
"TOTAL","DATOS_ENERO_2014.xls",685,922,81,552,176,"2014-01-01",23
"USERA","DATOS_ENERO_2014.xls",35,41,4,12,1,"2014-01-01",12
"VICÁLVARO","DATOS_ENERO_2014.xls",10,28,3,2,0,"2014-01-01",19
"VILLA DE VALLECAS","DATOS_ENERO_2014.xls",12,32,11,126,21,"2014-01-01",18
"VILLAVERDE","DATOS_ENERO_2014.xls",30,69,8,17,3,"2014-01-01",17
"ARGANZUELA","DATOS_FEBRERO_2014.xls",57,87,4,22,3,"2014-02-01",2
"BARAJAS","DATOS_FEBRERO_2014.xls",13,11,0,12,0,"2014-02-01",21
"CARABANCHEL","DATOS_FEBRERO_2014.xls",138,99,7,22,2,"2014-02-01",11
"CENTRO","DATOS_FEBRERO_2014.xls",60,116,2,211,74,"2014-02-01",1
"CHAMARTÍN","DATOS_FEBRERO_2014.xls",26,27,0,18,11,"2014-02-01",5
"CHAMBERÍ","DATOS_FEBRERO_2014.xls",36,25,1,9,0,"2014-02-01",7
"CIUDAD LINEAL","DATOS_FEBRERO_2014.xls",51,32,1,26,1,"2014-02-01",15
"FUENCARRAL - EL PARDO","DATOS_FEBRERO_2014.xls",19,34,0,11,0,"2014-02-01",8
"HORTALEZA","DATOS_FEBRERO_2014.xls",15,20,4,31,7,"2014-02-01",16
"LATINA","DATOS_FEBRERO_2014.xls",22,31,0,2,1,"2014-02-01",10
"MONCLOA - ARAVACA","DATOS_FEBRERO_2014.xls",41,36,1,9,3,"2014-02-01",9
"MORATALAZ","DATOS_FEBRERO_2014.xls",4,20,0,3,2,"2014-02-01",14
"OTRAS ZONAS","DATOS_FEBRERO_2014.xls",0,0,0,0,0,"2014-02-01",22
"PUENTE DE VALLECAS","DATOS_FEBRERO_2014.xls",141,67,3,18,8,"2014-02-01",13
"RETIRO","DATOS_FEBRERO_2014.xls",14,10,2,5,4,"2014-02-01",3
"SALAMANCA","DATOS_FEBRERO_2014.xls",17,63,2,23,4,"2014-02-01",4
"SAN BLAS - CANILLEJAS","DATOS_FEBRERO_2014.xls",19,11,1,8,4,"2014-02-01",20
"TETUÁN","DATOS_FEBRERO_2014.xls",32,30,4,19,3,"2014-02-01",6
"TOTAL","DATOS_FEBRERO_2014.xls",776,870,46,618,141,"2014-02-01",23
"USERA","DATOS_FEBRERO_2014.xls",18,39,0,6,6,"2014-02-01",12
"VICÁLVARO","DATOS_FEBRERO_2014.xls",13,28,1,7,2,"2014-02-01",19
"VILLA DE VALLECAS","DATOS_FEBRERO_2014.xls",12,25,8,144,6,"2014-02-01",18
"VILLAVERDE","DATOS_FEBRERO_2014.xls",28,59,5,12,0,"2014-02-01",17
"ARGANZUELA","DATOS_MARZO_2014 (1).xls",47,52,1,13,4,"2014-03-01",2
"BARAJAS","DATOS_MARZO_2014 (1).xls",10,16,0,12,0,"2014-03-01",21
"CARABANCHEL","DATOS_MARZO_2014 (1).xls",165,147,8,17,1,"2014-03-01",11
"CENTRO","DATOS_MARZO_2014 (1).xls",95,154,10,211,104,"2014-03-01",1
"CHAMARTÍN","DATOS_MARZO_2014 (1).xls",28,40,3,19,6,"2014-03-01",5
"CHAMBERÍ","DATOS_MARZO_2014 (1).xls",18,26,0,10,1,"2014-03-01",7
"CIUDAD LINEAL","DATOS_MARZO_2014 (1).xls",58,29,7,55,2,"2014-03-01",15
"FUENCARRAL - EL PARDO","DATOS_MARZO_2014 (1).xls",34,40,1,5,2,"2014-03-01",8
"HORTALEZA","DATOS_MARZO_2014 (1).xls",21,20,17,67,44,"2014-03-01",16
"LATINA","DATOS_MARZO_2014 (1).xls",34,42,0,4,1,"2014-03-01",10
"MONCLOA - ARAVACA","DATOS_MARZO_2014 (1).xls",43,35,8,17,3,"2014-03-01",9
"MORATALAZ","DATOS_MARZO_2014 (1).xls",5,8,2,1,1,"2014-03-01",14
"OTRAS ZONAS","DATOS_MARZO_2014 (1).xls",0,0,0,0,0,"2014-03-01",22
"PUENTE DE VALLECAS","DATOS_MARZO_2014 (1).xls",146,70,11,14,32,"2014-03-01",13
"RETIRO","DATOS_MARZO_2014 (1).xls",8,12,0,6,1,"2014-03-01",3
"SALAMANCA","DATOS_MARZO_2014 (1).xls",18,48,1,7,3,"2014-03-01",4
"SAN BLAS - CANILLEJAS","DATOS_MARZO_2014 (1).xls",11,19,3,8,1,"2014-03-01",20
"TETUÁN","DATOS_MARZO_2014 (1).xls",41,36,7,20,6,"2014-03-01",6
"TOTAL","DATOS_MARZO_2014 (1).xls",873,944,98,595,233,"2014-03-01",23
"USERA","DATOS_MARZO_2014 (1).xls",35,35,6,25,1,"2014-03-01",12
"VICÁLVARO","DATOS_MARZO_2014 (1).xls",6,21,1,8,0,"2014-03-01",19
"VILLA DE VALLECAS","DATOS_MARZO_2014 (1).xls",19,25,9,65,18,"2014-03-01",18
"VILLAVERDE","DATOS_MARZO_2014 (1).xls",31,69,3,11,2,"2014-03-01",17
"ARGANZUELA","DATOS_ABRIL_2014.xls",84,93,0,7,3,"2014-04-01",2
"BARAJAS","DATOS_ABRIL_2014.xls",13,19,0,18,1,"2014-04-01",21
"CARABANCHEL","DATOS_ABRIL_2014.xls",186,114,2,9,1,"2014-04-01",11
"CENTRO","DATOS_ABRIL_2014.xls",77,130,8,236,91,"2014-04-01",1
"CHAMARTÍN","DATOS_ABRIL_2014.xls",18,48,3,17,3,"2014-04-01",5
"CHAMBERÍ","DATOS_ABRIL_2014.xls",24,33,0,4,0,"2014-04-01",7
"CIUDAD LINEAL","DATOS_ABRIL_2014.xls",74,31,2,20,0,"2014-04-01",15
"FUENCARRAL - EL PARDO","DATOS_ABRIL_2014.xls",25,44,1,3,2,"2014-04-01",8
"HORTALEZA","DATOS_ABRIL_2014.xls",17,25,13,43,10,"2014-04-01",16
"LATINA","DATOS_ABRIL_2014.xls",21,34,0,3,1,"2014-04-01",10
"MONCLOA - ARAVACA","DATOS_ABRIL_2014.xls",27,45,0,15,0,"2014-04-01",9
"MORATALAZ","DATOS_ABRIL_2014.xls",6,27,0,1,0,"2014-04-01",14
"OTRAS ZONAS","DATOS_ABRIL_2014.xls",0,0,0,0,0,"2014-04-01",22
"PUENTE DE VALLECAS","DATOS_ABRIL_2014.xls",69,82,8,35,16,"2014-04-01",13
"RETIRO","DATOS_ABRIL_2014.xls",13,11,1,3,10,"2014-04-01",3
"SALAMANCA","DATOS_ABRIL_2014.xls",11,39,0,5,1,"2014-04-01",4
"SAN BLAS - CANILLEJAS","DATOS_ABRIL_2014.xls",18,13,0,3,5,"2014-04-01",20
"TETUÁN","DATOS_ABRIL_2014.xls",27,33,8,23,5,"2014-04-01",6
"TOTAL","DATOS_ABRIL_2014.xls",804,952,67,539,162,"2014-04-01",23
"USERA","DATOS_ABRIL_2014.xls",37,31,5,5,2,"2014-04-01",12
"VICÁLVARO","DATOS_ABRIL_2014.xls",11,19,3,2,0,"2014-04-01",19
"VILLA DE VALLECAS","DATOS_ABRIL_2014.xls",16,30,11,82,7,"2014-04-01",18
"VILLAVERDE","DATOS_ABRIL_2014.xls",30,51,2,5,4,"2014-04-01",17
"ARGANZUELA","DATOS_MAYO_2014.xls",60,76,2,8,2,"2014-05-01",2
"BARAJAS","DATOS_MAYO_2014.xls",14,19,15,14,0,"2014-05-01",21
"CARABANCHEL","DATOS_MAYO_2014.xls",185,93,40,83,26,"2014-05-01",11
"CENTRO","DATOS_MAYO_2014.xls",93,144,9,272,105,"2014-05-01",1
"CHAMARTÍN","DATOS_MAYO_2014.xls",20,45,3,9,1,"2014-05-01",5
"CHAMBERÍ","DATOS_MAYO_2014.xls",29,31,0,2,0,"2014-05-01",7
"CIUDAD LINEAL","DATOS_MAYO_2014.xls",65,38,3,19,0,"2014-05-01",15
"FUENCARRAL - EL PARDO","DATOS_MAYO_2014.xls",28,26,1,6,9,"2014-05-01",8
"HORTALEZA","DATOS_MAYO_2014.xls",22,30,17,70,42,"2014-05-01",16
"LATINA","DATOS_MAYO_2014.xls",32,38,0,3,1,"2014-05-01",10
"MONCLOA - ARAVACA","DATOS_MAYO_2014.xls",32,37,0,17,1,"2014-05-01",9
"MORATALAZ","DATOS_MAYO_2014.xls",5,25,1,4,0,"2014-05-01",14
"OTRAS ZONAS","DATOS_MAYO_2014.xls",0,0,0,0,0,"2014-05-01",22
"PUENTE DE VALLECAS","DATOS_MAYO_2014.xls",102,63,12,13,12,"2014-05-01",13
"RETIRO","DATOS_MAYO_2014.xls",9,18,4,5,3,"2014-05-01",3
"SALAMANCA","DATOS_MAYO_2014.xls",21,64,0,1,0,"2014-05-01",4
"SAN BLAS - CANILLEJAS","DATOS_MAYO_2014.xls",23,25,1,12,2,"2014-05-01",20
"TETUÁN","DATOS_MAYO_2014.xls",31,31,3,21,6,"2014-05-01",6
"TOTAL","DATOS_MAYO_2014.xls",883,954,121,663,261,"2014-05-01",23
"USERA","DATOS_MAYO_2014.xls",18,31,3,14,0,"2014-05-01",12
"VICÁLVARO","DATOS_MAYO_2014.xls",20,27,1,4,0,"2014-05-01",19
"VILLA DE VALLECAS","DATOS_MAYO_2014.xls",32,34,3,85,50,"2014-05-01",18
"VILLAVERDE","DATOS_MAYO_2014.xls",42,59,3,1,1,"2014-05-01",17
"ARGANZUELA","DATOS_JUNIO_2014.xls",85,81,0,13,5,"2014-06-01",2
"BARAJAS","DATOS_JUNIO_2014.xls",16,9,1,8,2,"2014-06-01",21
"CARABANCHEL","DATOS_JUNIO_2014.xls",220,112,3,14,2,"2014-06-01",11
"CENTRO","DATOS_JUNIO_2014.xls",82,147,7,221,56,"2014-06-01",1
"CHAMARTÍN","DATOS_JUNIO_2014.xls",19,35,3,23,15,"2014-06-01",5
"CHAMBERÍ","DATOS_JUNIO_2014.xls",21,34,2,2,2,"2014-06-01",7
"CIUDAD LINEAL","DATOS_JUNIO_2014.xls",78,35,7,16,1,"2014-06-01",15
"FUENCARRAL - EL PARDO","DATOS_JUNIO_2014.xls",16,24,2,23,2,"2014-06-01",8
"HORTALEZA","DATOS_JUNIO_2014.xls",34,17,6,37,17,"2014-06-01",16
"LATINA","DATOS_JUNIO_2014.xls",44,36,2,7,1,"2014-06-01",10
"MONCLOA - ARAVACA","DATOS_JUNIO_2014.xls",34,35,0,6,2,"2014-06-01",9
"MORATALAZ","DATOS_JUNIO_2014.xls",4,20,2,3,0,"2014-06-01",14
"OTRAS ZONAS","DATOS_JUNIO_2014.xls",0,0,0,0,0,"2014-06-01",22
"PUENTE DE VALLECAS","DATOS_JUNIO_2014.xls",96,60,4,17,7,"2014-06-01",13
"RETIRO","DATOS_JUNIO_2014.xls",11,24,0,2,2,"2014-06-01",3
"SALAMANCA","DATOS_JUNIO_2014.xls",6,40,1,1,0,"2014-06-01",4
"SAN BLAS - CANILLEJAS","DATOS_JUNIO_2014.xls",18,19,1,7,1,"2014-06-01",20
"TETUÁN","DATOS_JUNIO_2014.xls",35,22,5,16,2,"2014-06-01",6
"TOTAL","DATOS_JUNIO_2014.xls",915,892,54,513,161,"2014-06-01",23
"USERA","DATOS_JUNIO_2014.xls",35,40,0,8,2,"2014-06-01",12
"VICÁLVARO","DATOS_JUNIO_2014.xls",15,18,0,2,0,"2014-06-01",19
"VILLA DE VALLECAS","DATOS_JUNIO_2014.xls",22,38,6,81,42,"2014-06-01",18
"VILLAVERDE","DATOS_JUNIO_2014.xls",24,46,2,6,0,"2014-06-01",17
"ARGANZUELA","DATOS_JULIO_2014.xls",65,79,4,5,2,"2014-07-01",2
"BARAJAS","DATOS_JULIO_2014.xls",7,7,0,1,0,"2014-07-01",21
"CARABANCHEL","DATOS_JULIO_2014.xls",178,75,0,6,0,"2014-07-01",11
"CENTRO","DATOS_JULIO_2014.xls",79,128,8,273,124,"2014-07-01",1
"CHAMARTÍN","DATOS_JULIO_2014.xls",16,25,0,11,0,"2014-07-01",5
"CHAMBERÍ","DATOS_JULIO_2014.xls",39,33,3,14,2,"2014-07-01",7
"CIUDAD LINEAL","DATOS_JULIO_2014.xls",93,31,5,14,0,"2014-07-01",15
"FUENCARRAL - EL PARDO","DATOS_JULIO_2014.xls",21,20,0,6,5,"2014-07-01",8
"HORTALEZA","DATOS_JULIO_2014.xls",17,13,3,22,4,"2014-07-01",16
"LATINA","DATOS_JULIO_2014.xls",35,42,1,3,0,"2014-07-01",10
"MONCLOA - ARAVACA","DATOS_JULIO_2014.xls",33,37,1,10,3,"2014-07-01",9
"MORATALAZ","DATOS_JULIO_2014.xls",4,9,0,1,0,"2014-07-01",14
"OTRAS ZONAS","DATOS_JULIO_2014.xls",0,0,0,0,0,"2014-07-01",22
"PUENTE DE VALLECAS","DATOS_JULIO_2014.xls",88,62,5,17,11,"2014-07-01",13
"RETIRO","DATOS_JULIO_2014.xls",8,12,26,1,0,"2014-07-01",3
"SALAMANCA","DATOS_JULIO_2014.xls",21,34,0,8,5,"2014-07-01",4
"SAN BLAS - CANILLEJAS","DATOS_JULIO_2014.xls",26,16,3,10,1,"2014-07-01",20
"TETUÁN","DATOS_JULIO_2014.xls",34,33,1,11,1,"2014-07-01",6
"TOTAL","DATOS_JULIO_2014.xls",857,788,73,535,160,"2014-07-01",23
"USERA","DATOS_JULIO_2014.xls",23,33,2,3,0,"2014-07-01",12
"VICÁLVARO","DATOS_JULIO_2014.xls",10,19,0,0,0,"2014-07-01",19
"VILLA DE VALLECAS","DATOS_JULIO_2014.xls",12,32,10,105,0,"2014-07-01",18
"VILLAVERDE","DATOS_JULIO_2014.xls",48,48,1,14,2,"2014-07-01",17
"ARGANZUELA","DATOS_AGOSTO_2014.xls",55,52,1,5,2,"2014-08-01",2
"BARAJAS","DATOS_AGOSTO_2014.xls",10,11,0,2,0,"2014-08-01",21
"CARABANCHEL","DATOS_AGOSTO_2014.xls",155,78,2,1,4,"2014-08-01",11
"CENTRO","DATOS_AGOSTO_2014.xls",74,121,11,211,78,"2014-08-01",1
"CHAMARTÍN","DATOS_AGOSTO_2014.xls",16,26,1,16,1,"2014-08-01",5
"CHAMBERÍ","DATOS_AGOSTO_2014.xls",11,19,1,1,0,"2014-08-01",7
"CIUDAD LINEAL","DATOS_AGOSTO_2014.xls",75,36,3,12,0,"2014-08-01",15
"FUENCARRAL - EL PARDO","DATOS_AGOSTO_2014.xls",29,18,1,4,1,"2014-08-01",8
"HORTALEZA","DATOS_AGOSTO_2014.xls",21,11,3,5,4,"2014-08-01",16
"LATINA","DATOS_AGOSTO_2014.xls",40,31,0,2,2,"2014-08-01",10
"MONCLOA - ARAVACA","DATOS_AGOSTO_2014.xls",24,30,4,21,2,"2014-08-01",9
"MORATALAZ","DATOS_AGOSTO_2014.xls",9,14,1,2,0,"2014-08-01",14
"OTRAS ZONAS","DATOS_AGOSTO_2014.xls",0,0,0,0,0,"2014-08-01",22
"PUENTE DE VALLECAS","DATOS_AGOSTO_2014.xls",95,66,18,6,3,"2014-08-01",13
"RETIRO","DATOS_AGOSTO_2014.xls",2,19,0,5,3,"2014-08-01",3
"SALAMANCA","DATOS_AGOSTO_2014.xls",11,25,0,2,2,"2014-08-01",4
"SAN BLAS - CANILLEJAS","DATOS_AGOSTO_2014.xls",18,22,0,2,0,"2014-08-01",20
"TETUÁN","DATOS_AGOSTO_2014.xls",41,26,15,10,2,"2014-08-01",6
"TOTAL","DATOS_AGOSTO_2014.xls",798,706,84,398,109,"2014-08-01",23
"USERA","DATOS_AGOSTO_2014.xls",47,25,9,2,0,"2014-08-01",12
"VICÁLVARO","DATOS_AGOSTO_2014.xls",24,12,0,2,0,"2014-08-01",19
"VILLA DE VALLECAS","DATOS_AGOSTO_2014.xls",14,33,9,74,4,"2014-08-01",18
"VILLAVERDE","DATOS_AGOSTO_2014.xls",27,31,5,13,1,"2014-08-01",17
"ARGANZUELA","DATOS_SEPTIEMBRE_2014.xls",70,88,8,16,7,"2014-09-01",2
"BARAJAS","DATOS_SEPTIEMBRE_2014.xls",12,11,1,54,0,"2014-09-01",21
"CARABANCHEL","DATOS_SEPTIEMBRE_2014.xls",94,36,1,9,3,"2014-09-01",11
"CENTRO","DATOS_SEPTIEMBRE_2014.xls",55,89,3,184,62,"2014-09-01",1
"CHAMARTÍN","DATOS_SEPTIEMBRE_2014.xls",16,31,4,13,0,"2014-09-01",5
"CHAMBERÍ","DATOS_SEPTIEMBRE_2014.xls",18,25,3,1,2,"2014-09-01",7
"CIUDAD LINEAL","DATOS_SEPTIEMBRE_2014.xls",73,36,5,14,0,"2014-09-01",15
"FUENCARRAL - EL PARDO","DATOS_SEPTIEMBRE_2014.xls",41,16,0,8,1,"2014-09-01",8
"HORTALEZA","DATOS_SEPTIEMBRE_2014.xls",15,11,9,20,9,"2014-09-01",16
"LATINA","DATOS_SEPTIEMBRE_2014.xls",31,33,4,4,1,"2014-09-01",10
"MONCLOA - ARAVACA","DATOS_SEPTIEMBRE_2014.xls",34,24,1,10,1,"2014-09-01",9
"MORATALAZ","DATOS_SEPTIEMBRE_2014.xls",10,19,1,4,0,"2014-09-01",14
"OTRAS ZONAS","DATOS_SEPTIEMBRE_2014.xls",0,0,0,0,0,"2014-09-01",22
"PUENTE DE VALLECAS","DATOS_SEPTIEMBRE_2014.xls",74,54,6,33,6,"2014-09-01",13
"RETIRO","DATOS_SEPTIEMBRE_2014.xls",1,17,3,10,0,"2014-09-01",3
"SALAMANCA","DATOS_SEPTIEMBRE_2014.xls",17,47,2,13,3,"2014-09-01",4
"SAN BLAS - CANILLEJAS","DATOS_SEPTIEMBRE_2014.xls",26,15,9,7,0,"2014-09-01",20
"TETUÁN","DATOS_SEPTIEMBRE_2014.xls",27,36,6,22,7,"2014-09-01",6
"TOTAL","DATOS_SEPTIEMBRE_2014.xls",716,719,80,586,161,"2014-09-01",23
"USERA","DATOS_SEPTIEMBRE_2014.xls",31,41,1,18,0,"2014-09-01",12
"VICÁLVARO","DATOS_SEPTIEMBRE_2014.xls",8,16,0,5,0,"2014-09-01",19
"VILLA DE VALLECAS","DATOS_SEPTIEMBRE_2014.xls",24,42,8,126,48,"2014-09-01",18
"VILLAVERDE","DATOS_SEPTIEMBRE_2014.xls",39,32,5,15,11,"2014-09-01",17
"ARGANZUELA","DATOS_OCTUBRE_2014.xls",65,77,5,12,1,"2014-10-01",2
"BARAJAS","DATOS_OCTUBRE_2014.xls",12,9,1,3,2,"2014-10-01",21
"CARABANCHEL","DATOS_OCTUBRE_2014.xls",82,59,2,29,21,"2014-10-01",11
"CENTRO","DATOS_OCTUBRE_2014.xls",67,102,6,183,78,"2014-10-01",1
"CHAMARTÍN","DATOS_OCTUBRE_2014.xls",18,39,4,20,7,"2014-10-01",5
"CHAMBERÍ","DATOS_OCTUBRE_2014.xls",26,25,0,3,0,"2014-10-01",7
"CIUDAD LINEAL","DATOS_OCTUBRE_2014.xls",73,42,2,19,0,"2014-10-01",15
"FUENCARRAL - EL PARDO","DATOS_OCTUBRE_2014.xls",30,27,24,15,4,"2014-10-01",8
"HORTALEZA","DATOS_OCTUBRE_2014.xls",21,19,6,45,30,"2014-10-01",16
"LATINA","DATOS_OCTUBRE_2014.xls",31,32,5,3,1,"2014-10-01",10
"MONCLOA - ARAVACA","DATOS_OCTUBRE_2014.xls",38,32,1,16,4,"2014-10-01",9
"MORATALAZ","DATOS_OCTUBRE_2014.xls",8,21,0,0,2,"2014-10-01",14
"OTRAS ZONAS","DATOS_OCTUBRE_2014.xls",0,0,0,0,0,"2014-10-01",22
"PUENTE DE VALLECAS","DATOS_OCTUBRE_2014.xls",80,66,20,44,4,"2014-10-01",13
"RETIRO","DATOS_OCTUBRE_2014.xls",13,27,1,8,1,"2014-10-01",3
"SALAMANCA","DATOS_OCTUBRE_2014.xls",17,56,2,3,3,"2014-10-01",4
"SAN BLAS - CANILLEJAS","DATOS_OCTUBRE_2014.xls",17,37,0,8,0,"2014-10-01",20
"TETUÁN","DATOS_OCTUBRE_2014.xls",57,35,10,19,6,"2014-10-01",6
"TOTAL","DATOS_OCTUBRE_2014.xls",754,854,106,581,308,"2014-10-01",23
"USERA","DATOS_OCTUBRE_2014.xls",33,44,6,15,6,"2014-10-01",12
"VICÁLVARO","DATOS_OCTUBRE_2014.xls",11,28,1,2,1,"2014-10-01",19
"VILLA DE VALLECAS","DATOS_OCTUBRE_2014.xls",15,33,6,116,131,"2014-10-01",18
"VILLAVERDE","DATOS_OCTUBRE_2014.xls",40,44,4,18,6,"2014-10-01",17
"ARGANZUELA","DATOS_NOVIEMBRE_ 2014.xls",52,61,3,13,2,"2014-11-01",2
"BARAJAS","DATOS_NOVIEMBRE_ 2014.xls",11,17,1,8,0,"2014-11-01",21
"CARABANCHEL","DATOS_NOVIEMBRE_ 2014.xls",103,71,5,21,11,"2014-11-01",11
"CENTRO","DATOS_NOVIEMBRE_ 2014.xls",91,115,5,312,93,"2014-11-01",1
"CHAMARTÍN","DATOS_NOVIEMBRE_ 2014.xls",13,26,0,16,6,"2014-11-01",5
"CHAMBERÍ","DATOS_NOVIEMBRE_ 2014.xls",25,15,0,11,3,"2014-11-01",7
"CIUDAD LINEAL","DATOS_NOVIEMBRE_ 2014.xls",76,28,2,21,0,"2014-11-01",15
"FUENCARRAL - EL PARDO","DATOS_NOVIEMBRE_ 2014.xls",20,24,3,8,1,"2014-11-01",8
"HORTALEZA","DATOS_NOVIEMBRE_ 2014.xls",16,20,8,15,13,"2014-11-01",16
"LATINA","DATOS_NOVIEMBRE_ 2014.xls",28,34,1,3,5,"2014-11-01",10
"MONCLOA - ARAVACA","DATOS_NOVIEMBRE_ 2014.xls",38,34,1,4,5,"2014-11-01",9
"MORATALAZ","DATOS_NOVIEMBRE_ 2014.xls",8,16,0,1,0,"2014-11-01",14
"OTRAS ZONAS","DATOS_NOVIEMBRE_ 2014.xls",0,1,0,0,0,"2014-11-01",22
"PUENTE DE VALLECAS","DATOS_NOVIEMBRE_ 2014.xls",72,57,2,25,1,"2014-11-01",13
"RETIRO","DATOS_NOVIEMBRE_ 2014.xls",13,24,0,12,2,"2014-11-01",3
"SALAMANCA","DATOS_NOVIEMBRE_ 2014.xls",10,52,0,13,6,"2014-11-01",4
"SAN BLAS - CANILLEJAS","DATOS_NOVIEMBRE_ 2014.xls",21,34,0,8,1,"2014-11-01",20
"TETUÁN","DATOS_NOVIEMBRE_ 2014.xls",37,26,11,20,0,"2014-11-01",6
"TOTAL","DATOS_NOVIEMBRE_ 2014.xls",721,792,60,636,222,"2014-11-01",23
"USERA","DATOS_NOVIEMBRE_ 2014.xls",30,29,3,7,1,"2014-11-01",12
"VICÁLVARO","DATOS_NOVIEMBRE_ 2014.xls",17,24,3,0,0,"2014-11-01",19
"VILLA DE VALLECAS","DATOS_NOVIEMBRE_ 2014.xls",15,22,4,103,70,"2014-11-01",18
"VILLAVERDE","DATOS_NOVIEMBRE_ 2014.xls",25,62,8,15,2,"2014-11-01",17
"ARGANZUELA","DATOS_DICIEMBRE_2014.xls",64,60,6,10,1,"2014-12-01",2
"BARAJAS","DATOS_DICIEMBRE_2014.xls",11,18,2,6,0,"2014-12-01",21
"CARABANCHEL","DATOS_DICIEMBRE_2014.xls",96,66,5,17,11,"2014-12-01",11
"CENTRO","DATOS_DICIEMBRE_2014.xls",70,119,8,157,50,"2014-12-01",1
"CHAMARTÍN","DATOS_DICIEMBRE_2014.xls",25,31,1,19,3,"2014-12-01",5
"CHAMBERÍ","DATOS_DICIEMBRE_2014.xls",27,16,2,8,1,"2014-12-01",7
"CIUDAD LINEAL","DATOS_DICIEMBRE_2014.xls",67,25,3,26,0,"2014-12-01",15
"FUENCARRAL - EL PARDO","DATOS_DICIEMBRE_2014.xls",17,27,6,5,1,"2014-12-01",8
"HORTALEZA","DATOS_DICIEMBRE_2014.xls",26,18,10,22,11,"2014-12-01",16
"LATINA","DATOS_DICIEMBRE_2014.xls",22,32,5,18,21,"2014-12-01",10
"MONCLOA - ARAVACA","DATOS_DICIEMBRE_2014.xls",31,27,2,10,0,"2014-12-01",9
"MORATALAZ","DATOS_DICIEMBRE_2014.xls",7,19,1,0,0,"2014-12-01",14
"OTRAS ZONAS","DATOS_DICIEMBRE_2014.xls",0,0,0,0,0,"2014-12-01",22
"PUENTE DE VALLECAS","DATOS_DICIEMBRE_2014.xls",86,50,6,25,6,"2014-12-01",13
"RETIRO","DATOS_DICIEMBRE_2014.xls",8,9,0,7,1,"2014-12-01",3
"SALAMANCA","DATOS_DICIEMBRE_2014.xls",19,41,1,3,0,"2014-12-01",4
"SAN BLAS - CANILLEJAS","DATOS_DICIEMBRE_2014.xls",24,54,7,5,0,"2014-12-01",20
"TETUÁN","DATOS_DICIEMBRE_2014.xls",38,34,12,6,2,"2014-12-01",6
"TOTAL","DATOS_DICIEMBRE_2014.xls",716,778,92,406,202,"2014-12-01",23
"USERA","DATOS_DICIEMBRE_2014.xls",22,42,2,6,7,"2014-12-01",12
"VICÁLVARO","DATOS_DICIEMBRE_2014.xls",16,27,1,0,0,"2014-12-01",19
"VILLA DE VALLECAS","DATOS_DICIEMBRE_2014.xls",13,20,3,25,59,"2014-12-01",18
"VILLAVERDE","DATOS_DICIEMBRE_2014.xls",27,43,9,31,28,"2014-12-01",17
"ARGANZUELA","2015_enero_actuaciones_policiales.xls",46,77,2,5,5,"2015-01-01",2
"BARAJAS","2015_enero_actuaciones_policiales.xls",7,18,1,3,0,"2015-01-01",21
"CARABANCHEL","2015_enero_actuaciones_policiales.xls",44,50,10,29,18,"2015-01-01",11
"CENTRO","2015_enero_actuaciones_policiales.xls",38,102,6,127,40,"2015-01-01",1
"CHAMARTÍN","2015_enero_actuaciones_policiales.xls",14,34,3,22,6,"2015-01-01",5
"CHAMBERÍ","2015_enero_actuaciones_policiales.xls",17,9,2,3,1,"2015-01-01",7
"CIUDAD LINEAL","2015_enero_actuaciones_policiales.xls",57,36,1,26,1,"2015-01-01",15
"FUENCARRAL - EL PARDO","2015_enero_actuaciones_policiales.xls",30,18,6,9,0,"2015-01-01",8
"HORTALEZA","2015_enero_actuaciones_policiales.xls",21,21,9,17,8,"2015-01-01",16
"LATINA","2015_enero_actuaciones_policiales.xls",14,26,0,42,20,"2015-01-01",10
"MONCLOA - ARAVACA","2015_enero_actuaciones_policiales.xls",21,21,1,3,3,"2015-01-01",9
"MORATALAZ","2015_enero_actuaciones_policiales.xls",8,17,1,1,2,"2015-01-01",14
"OTRAS ZONAS","2015_enero_actuaciones_policiales.xls",0,1,0,0,0,"2015-01-01",22
"PUENTE DE VALLECAS","2015_enero_actuaciones_policiales.xls",71,55,9,4,2,"2015-01-01",13
"RETIRO","2015_enero_actuaciones_policiales.xls",8,11,1,15,2,"2015-01-01",3
"SALAMANCA","2015_enero_actuaciones_policiales.xls",16,33,2,6,7,"2015-01-01",4
"SAN BLAS - CANILLEJAS","2015_enero_actuaciones_policiales.xls",15,44,0,3,5,"2015-01-01",20
"TETUÁN","2015_enero_actuaciones_policiales.xls",20,29,13,17,1,"2015-01-01",6
"TOTAL","2015_enero_actuaciones_policiales.xls",506,735,83,460,170,"2015-01-01",23
"USERA","2015_enero_actuaciones_policiales.xls",25,36,5,44,11,"2015-01-01",12
"VICÁLVARO","2015_enero_actuaciones_policiales.xls",13,19,0,1,2,"2015-01-01",19
"VILLA DE VALLECAS","2015_enero_actuaciones_policiales.xls",7,33,6,52,21,"2015-01-01",18
"VILLAVERDE","2015_enero_actuaciones_policiales.xls",14,45,5,31,15,"2015-01-01",17
"ARGANZUELA","2015_febrero_actuaciones_policiales.xls",42,66,7,22,18,"2015-02-01",2
"BARAJAS","2015_febrero_actuaciones_policiales.xls",9,19,0,6,2,"2015-02-01",21
"CARABANCHEL","2015_febrero_actuaciones_policiales.xls",65,56,4,12,15,"2015-02-01",11
"CENTRO","2015_febrero_actuaciones_policiales.xls",43,85,7,136,41,"2015-02-01",1
"CHAMARTÍN","2015_febrero_actuaciones_policiales.xls",13,21,3,4,2,"2015-02-01",5
"CHAMBERÍ","2015_febrero_actuaciones_policiales.xls",17,13,1,5,1,"2015-02-01",7
"CIUDAD LINEAL","2015_febrero_actuaciones_policiales.xls",40,20,0,22,0,"2015-02-01",15
"FUENCARRAL - EL PARDO","2015_febrero_actuaciones_policiales.xls",11,19,0,4,2,"2015-02-01",8
"HORTALEZA","2015_febrero_actuaciones_policiales.xls",10,9,3,35,11,"2015-02-01",16
"LATINA","2015_febrero_actuaciones_policiales.xls",24,27,2,10,11,"2015-02-01",10
"MONCLOA - ARAVACA","2015_febrero_actuaciones_policiales.xls",23,27,2,9,1,"2015-02-01",9
"MORATALAZ","2015_febrero_actuaciones_policiales.xls",11,22,2,7,0,"2015-02-01",14
"OTRAS ZONAS","2015_febrero_actuaciones_policiales.xls",0,0,0,0,0,"2015-02-01",22
"PUENTE DE VALLECAS","2015_febrero_actuaciones_policiales.xls",86,35,4,12,2,"2015-02-01",13
"RETIRO","2015_febrero_actuaciones_policiales.xls",5,16,2,7,4,"2015-02-01",3
"SALAMANCA","2015_febrero_actuaciones_policiales.xls",9,38,1,12,4,"2015-02-01",4
"SAN BLAS - CANILLEJAS","2015_febrero_actuaciones_policiales.xls",17,33,1,13,1,"2015-02-01",20
"TETUÁN","2015_febrero_actuaciones_policiales.xls",33,23,8,8,2,"2015-02-01",6
"TOTAL","2015_febrero_actuaciones_policiales.xls",511,623,50,429,218,"2015-02-01",23
"USERA","2015_febrero_actuaciones_policiales.xls",12,29,0,29,7,"2015-02-01",12
"VICÁLVARO","2015_febrero_actuaciones_policiales.xls",15,7,0,6,0,"2015-02-01",19
"VILLA DE VALLECAS","2015_febrero_actuaciones_policiales.xls",10,16,1,48,89,"2015-02-01",18
"VILLAVERDE","2015_febrero_actuaciones_policiales.xls",16,42,2,22,5,"2015-02-01",17
"ARGANZUELA","2015_marzo_actuaciones_policiales.xls",56,92,4,25,19,"2015-03-01",2
"BARAJAS","2015_marzo_actuaciones_policiales.xls",9,20,0,12,1,"2015-03-01",21
"CARABANCHEL","2015_marzo_actuaciones_policiales.xls",58,73,3,37,20,"2015-03-01",11
"CENTRO","2015_marzo_actuaciones_policiales.xls",66,115,7,162,94,"2015-03-01",1
"CHAMARTÍN","2015_marzo_actuaciones_policiales.xls",17,35,5,11,6,"2015-03-01",5
"CHAMBERÍ","2015_marzo_actuaciones_policiales.xls",20,19,2,3,2,"2015-03-01",7
"CIUDAD LINEAL","2015_marzo_actuaciones_policiales.xls",79,27,3,31,0,"2015-03-01",15
"FUENCARRAL - EL PARDO","2015_marzo_actuaciones_policiales.xls",35,26,2,5,2,"2015-03-01",8
"HORTALEZA","2015_marzo_actuaciones_policiales.xls",17,10,6,37,13,"2015-03-01",16
"LATINA","2015_marzo_actuaciones_policiales.xls",25,44,0,27,14,"2015-03-01",10
"MONCLOA - ARAVACA","2015_marzo_actuaciones_policiales.xls",45,26,0,8,3,"2015-03-01",9
"MORATALAZ","2015_marzo_actuaciones_policiales.xls",4,16,2,10,0,"2015-03-01",14
"OTRAS ZONAS","2015_marzo_actuaciones_policiales.xls",0,0,0,0,0,"2015-03-01",22
"PUENTE DE VALLECAS","2015_marzo_actuaciones_policiales.xls",94,33,3,41,5,"2015-03-01",13
"RETIRO","2015_marzo_actuaciones_policiales.xls",6,13,1,9,2,"2015-03-01",3
"SALAMANCA","2015_marzo_actuaciones_policiales.xls",24,43,1,2,5,"2015-03-01",4
"SAN BLAS - CANILLEJAS","2015_marzo_actuaciones_policiales.xls",14,48,0,9,5,"2015-03-01",20
"TETUÁN","2015_marzo_actuaciones_policiales.xls",43,27,13,12,3,"2015-03-01",6
"TOTAL","2015_marzo_actuaciones_policiales.xls",712,785,86,618,295,"2015-03-01",23
"USERA","2015_marzo_actuaciones_policiales.xls",40,26,17,38,18,"2015-03-01",12
"VICÁLVARO","2015_marzo_actuaciones_policiales.xls",14,24,1,15,2,"2015-03-01",19
"VILLA DE VALLECAS","2015_marzo_actuaciones_policiales.xls",23,34,8,104,74,"2015-03-01",18
"VILLAVERDE","2015_marzo_actuaciones_policiales.xls",23,34,8,20,7,"2015-03-01",17
"ARGANZUELA","2015_abril_actuaciones_policiales.xls",48,68,8,33,7,"2015-04-01",2
"BARAJAS","2015_abril_actuaciones_policiales.xls",9,17,0,15,2,"2015-04-01",21
"CARABANCHEL","2015_abril_actuaciones_policiales.xls",70,45,5,37,18,"2015-04-01",11
"CENTRO","2015_abril_actuaciones_policiales.xls",76,108,9,145,78,"2015-04-01",1
"CHAMARTÍN","2015_abril_actuaciones_policiales.xls",9,39,2,8,2,"2015-04-01",5
"CHAMBERÍ","2015_abril_actuaciones_policiales.xls",20,20,0,1,0,"2015-04-01",7
"CIUDAD LINEAL","2015_abril_actuaciones_policiales.xls",49,32,0,19,1,"2015-04-01",15
"FUENCARRAL - EL PARDO","2015_abril_actuaciones_policiales.xls",16,10,1,5,0,"2015-04-01",8
"HORTALEZA","2015_abril_actuaciones_policiales.xls",9,21,13,50,15,"2015-04-01",16
"LATINA","2015_abril_actuaciones_policiales.xls",26,40,1,26,9,"2015-04-01",10
"MONCLOA - ARAVACA","2015_abril_actuaciones_policiales.xls",28,47,1,7,2,"2015-04-01",9
"MORATALAZ","2015_abril_actuaciones_policiales.xls",4,24,1,1,0,"2015-04-01",14
"OTRAS ZONAS","2015_abril_actuaciones_policiales.xls",0,0,0,0,0,"2015-04-01",22
"PUENTE DE VALLECAS","2015_abril_actuaciones_policiales.xls",83,39,8,32,1,"2015-04-01",13
"RETIRO","2015_abril_actuaciones_policiales.xls",8,16,2,18,2,"2015-04-01",3
"SALAMANCA","2015_abril_actuaciones_policiales.xls",15,54,4,11,3,"2015-04-01",4
"SAN BLAS - CANILLEJAS","2015_abril_actuaciones_policiales.xls",10,30,2,2,3,"2015-04-01",20
"TETUÁN","2015_abril_actuaciones_policiales.xls",39,40,6,27,1,"2015-04-01",6
"TOTAL","2015_abril_actuaciones_policiales.xls",585,801,71,566,227,"2015-04-01",23
"USERA","2015_abril_actuaciones_policiales.xls",21,35,1,39,13,"2015-04-01",12
"VICÁLVARO","2015_abril_actuaciones_policiales.xls",11,29,1,8,0,"2015-04-01",19
"VILLA DE VALLECAS","2015_abril_actuaciones_policiales.xls",13,27,6,58,58,"2015-04-01",18
"VILLAVERDE","2015_abril_actuaciones_policiales.xls",21,60,0,24,12,"2015-04-01",17
"ARGANZUELA","copia de datos en formato reutilizable mayo 2015.xls",69,57,5,20,19,"2015-05-01",2
"BARAJAS","copia de datos en formato reutilizable mayo 2015.xls",16,24,0,12,0,"2015-05-01",21
"CARABANCHEL","copia de datos en formato reutilizable mayo 2015.xls",85,70,26,251,160,"2015-05-01",11
"CENTRO","copia de datos en formato reutilizable mayo 2015.xls",77,97,6,220,85,"2015-05-01",1
"CHAMARTÍN","copia de datos en formato reutilizable mayo 2015.xls",18,39,5,9,2,"2015-05-01",5
"CHAMBERÍ","copia de datos en formato reutilizable mayo 2015.xls",23,25,4,1,3,"2015-05-01",7
"CIUDAD LINEAL","copia de datos en formato reutilizable mayo 2015.xls",79,44,2,25,0,"2015-05-01",15
"FUENCARRAL - EL PARDO","copia de datos en formato reutilizable mayo 2015.xls",33,23,0,12,6,"2015-05-01",8
"HORTALEZA","copia de datos en formato reutilizable mayo 2015.xls",20,15,11,54,39,"2015-05-01",16
"LATINA","copia de datos en formato reutilizable mayo 2015.xls",29,63,2,46,39,"2015-05-01",10
"MONCLOA - ARAVACA","copia de datos en formato reutilizable mayo 2015.xls",35,26,0,8,1,"2015-05-01",9
"MORATALAZ","copia de datos en formato reutilizable mayo 2015.xls",11,31,1,9,2,"2015-05-01",14
"OTRAS ZONAS","copia de datos en formato reutilizable mayo 2015.xls",0,0,0,0,0,"2015-05-01",22
"PUENTE DE VALLECAS","copia de datos en formato reutilizable mayo 2015.xls",81,42,3,14,9,"2015-05-01",13
"RETIRO","copia de datos en formato reutilizable mayo 2015.xls",16,22,2,13,3,"2015-05-01",3
"SALAMANCA","copia de datos en formato reutilizable mayo 2015.xls",17,40,5,4,2,"2015-05-01",4
"SAN BLAS - CANILLEJAS","copia de datos en formato reutilizable mayo 2015.xls",12,26,0,6,0,"2015-05-01",20
"TETUÁN","copia de datos en formato reutilizable mayo 2015.xls",35,29,8,13,1,"2015-05-01",6
"TOTAL","copia de datos en formato reutilizable mayo 2015.xls",754,823,105,906,435,"2015-05-01",23
"USERA","copia de datos en formato reutilizable mayo 2015.xls",36,40,3,30,11,"2015-05-01",12
"VICÁLVARO","copia de datos en formato reutilizable mayo 2015.xls",15,28,4,2,1,"2015-05-01",19
"VILLA DE VALLECAS","copia de datos en formato reutilizable mayo 2015.xls",11,30,10,128,38,"2015-05-01",18
"VILLAVERDE","copia de datos en formato reutilizable mayo 2015.xls",36,52,8,29,14,"2015-05-01",17
"ARGANZUELA","datos en formato reutilizable junio 2015.xls",69,90,4,11,11,"2015-06-01",2
"BARAJAS","datos en formato reutilizable junio 2015.xls",12,24,0,3,2,"2015-06-01",21
"CARABANCHEL","datos en formato reutilizable junio 2015.xls",101,43,2,13,4,"2015-06-01",11
"CENTRO","datos en formato reutilizable junio 2015.xls",64,96,4,110,46,"2015-06-01",1
"CHAMARTÍN","datos en formato reutilizable junio 2015.xls",15,55,2,3,2,"2015-06-01",5
"CHAMBERÍ","datos en formato reutilizable junio 2015.xls",41,16,0,10,0,"2015-06-01",7
"CIUDAD LINEAL","datos en formato reutilizable junio 2015.xls",97,31,1,17,0,"2015-06-01",15
"FUENCARRAL - EL PARDO","datos en formato reutilizable junio 2015.xls",19,13,0,4,2,"2015-06-01",8
"HORTALEZA","datos en formato reutilizable junio 2015.xls",19,13,3,30,57,"2015-06-01",16
"LATINA","datos en formato reutilizable junio 2015.xls",30,46,2,74,44,"2015-06-01",10
"MONCLOA - ARAVACA","datos en formato reutilizable junio 2015.xls",30,52,1,12,0,"2015-06-01",9
"MORATALAZ","datos en formato reutilizable junio 2015.xls",5,31,1,7,0,"2015-06-01",14
"OTRAS ZONAS","datos en formato reutilizable junio 2015.xls",0,0,0,0,0,"2015-06-01",22
"PUENTE DE VALLECAS","datos en formato reutilizable junio 2015.xls",84,31,0,22,5,"2015-06-01",13
"RETIRO","datos en formato reutilizable junio 2015.xls",21,17,0,3,0,"2015-06-01",3
"SALAMANCA","datos en formato reutilizable junio 2015.xls",18,65,3,2,1,"2015-06-01",4
"SAN BLAS - CANILLEJAS","datos en formato reutilizable junio 2015.xls",26,38,0,7,0,"2015-06-01",20
"TETUÁN","datos en formato reutilizable junio 2015.xls",34,28,3,7,0,"2015-06-01",6
"TOTAL","datos en formato reutilizable junio 2015.xls",758,841,38,487,230,"2015-06-01",23
"USERA","datos en formato reutilizable junio 2015.xls",29,36,2,27,8,"2015-06-01",12
"VICÁLVARO","datos en formato reutilizable junio 2015.xls",11,21,2,4,0,"2015-06-01",19
"VILLA DE VALLECAS","datos en formato reutilizable junio 2015.xls",17,43,3,57,32,"2015-06-01",18
"VILLAVERDE","datos en formato reutilizable junio 2015.xls",16,52,5,64,16,"2015-06-01",17
"ARGANZUELA","datos en formato reutilizable julio 2015.xls",68,136,7,24,10,"2015-07-01",2
"BARAJAS","datos en formato reutilizable julio 2015.xls",8,20,3,14,1,"2015-07-01",21
"CARABANCHEL","datos en formato reutilizable julio 2015.xls",75,97,2,29,5,"2015-07-01",11
"CENTRO","datos en formato reutilizable julio 2015.xls",59,92,4,272,139,"2015-07-01",1
"CHAMARTÍN","datos en formato reutilizable julio 2015.xls",13,72,12,9,2,"2015-07-01",5
"CHAMBERÍ","datos en formato reutilizable julio 2015.xls",28,23,1,7,0,"2015-07-01",7
"CIUDAD LINEAL","datos en formato reutilizable julio 2015.xls",67,22,2,20,0,"2015-07-01",15
"FUENCARRAL - EL PARDO","datos en formato reutilizable julio 2015.xls",7,26,0,1,0,"2015-07-01",8
"HORTALEZA","datos en formato reutilizable julio 2015.xls",31,14,5,11,6,"2015-07-01",16
"LATINA","datos en formato reutilizable julio 2015.xls",21,26,2,14,7,"2015-07-01",10
"MONCLOA - ARAVACA","datos en formato reutilizable julio 2015.xls",23,47,1,13,0,"2015-07-01",9
"MORATALAZ","datos en formato reutilizable julio 2015.xls",6,23,2,1,0,"2015-07-01",14
"OTRAS ZONAS","datos en formato reutilizable julio 2015.xls",0,0,0,0,0,"2015-07-01",22
"PUENTE DE VALLECAS","datos en formato reutilizable julio 2015.xls",80,42,5,20,1,"2015-07-01",13
"RETIRO","datos en formato reutilizable julio 2015.xls",12,16,1,14,0,"2015-07-01",3
"SALAMANCA","datos en formato reutilizable julio 2015.xls",8,54,0,9,2,"2015-07-01",4
"SAN BLAS - CANILLEJAS","datos en formato reutilizable julio 2015.xls",6,42,5,11,0,"2015-07-01",20
"TETUÁN","datos en formato reutilizable julio 2015.xls",43,30,5,11,6,"2015-07-01",6
"TOTAL","datos en formato reutilizable julio 2015.xls",637,977,63,571,252,"2015-07-01",23
"USERA","datos en formato reutilizable julio 2015.xls",34,73,1,30,10,"2015-07-01",12
"VICÁLVARO","datos en formato reutilizable julio 2015.xls",7,26,3,3,0,"2015-07-01",19
"VILLA DE VALLECAS","datos en formato reutilizable julio 2015.xls",12,35,2,33,56,"2015-07-01",18
"VILLAVERDE","datos en formato reutilizable julio 2015.xls",29,61,0,25,7,"2015-07-01",17
"ARGANZUELA","datos en formato reutilizable agosto 2015.xls",53,97,1,11,9,"2015-08-01",2
"BARAJAS","datos en formato reutilizable agosto 2015.xls",10,15,1,7,0,"2015-08-01",21
"CARABANCHEL","datos en formato reutilizable agosto 2015.xls",81,75,2,25,9,"2015-08-01",11
"CENTRO","datos en formato reutilizable agosto 2015.xls",49,72,5,222,23,"2015-08-01",1
"CHAMARTÍN","datos en formato reutilizable agosto 2015.xls",11,32,1,1,0,"2015-08-01",5
"CHAMBERÍ","datos en formato reutilizable agosto 2015.xls",10,14,1,5,0,"2015-08-01",7
"CIUDAD LINEAL","datos en formato reutilizable agosto 2015.xls",58,26,4,23,0,"2015-08-01",15
"FUENCARRAL - EL PARDO","datos en formato reutilizable agosto 2015.xls",11,19,12,4,1,"2015-08-01",8
"HORTALEZA","datos en formato reutilizable agosto 2015.xls",11,21,4,16,7,"2015-08-01",16
"LATINA","datos en formato reutilizable agosto 2015.xls",25,49,1,12,4,"2015-08-01",10
"MONCLOA - ARAVACA","datos en formato reutilizable agosto 2015.xls",28,36,2,6,1,"2015-08-01",9
"MORATALAZ","datos en formato reutilizable agosto 2015.xls",9,23,1,4,0,"2015-08-01",14
"OTRAS ZONAS","datos en formato reutilizable agosto 2015.xls",0,0,0,0,0,"2015-08-01",22
"PUENTE DE VALLECAS","datos en formato reutilizable agosto 2015.xls",50,46,5,13,0,"2015-08-01",13
"RETIRO","datos en formato reutilizable agosto 2015.xls",14,23,1,14,1,"2015-08-01",3
"SALAMANCA","datos en formato reutilizable agosto 2015.xls",11,29,0,7,0,"2015-08-01",4
"SAN BLAS - CANILLEJAS","datos en formato reutilizable agosto 2015.xls",13,26,5,8,4,"2015-08-01",20
"TETUÁN","datos en formato reutilizable agosto 2015.xls",21,24,1,11,1,"2015-08-01",6
"TOTAL","datos en formato reutilizable agosto 2015.xls",517,809,59,513,82,"2015-08-01",23
"USERA","datos en formato reutilizable agosto 2015.xls",25,76,3,15,1,"2015-08-01",12
"VICÁLVARO","datos en formato reutilizable agosto 2015.xls",5,32,0,6,0,"2015-08-01",19
"VILLA DE VALLECAS","datos en formato reutilizable agosto 2015.xls",11,24,5,73,15,"2015-08-01",18
"VILLAVERDE","datos en formato reutilizable agosto 2015.xls",11,50,4,30,6,"2015-08-01",17
"ARGANZUELA","datos en formato reutilizable septiembre 2015.xls",67,109,5,131,38,"2015-09-01",2
"BARAJAS","datos en formato reutilizable septiembre 2015.xls",12,11,0,44,1,"2015-09-01",21
"CARABANCHEL","datos en formato reutilizable septiembre 2015.xls",53,67,2,26,5,"2015-09-01",11
"CENTRO","datos en formato reutilizable septiembre 2015.xls",63,79,9,130,46,"2015-09-01",1
"CHAMARTÍN","datos en formato reutilizable septiembre 2015.xls",22,41,1,9,4,"2015-09-01",5
"CHAMBERÍ","datos en formato reutilizable septiembre 2015.xls",16,16,3,9,0,"2015-09-01",7
"CIUDAD LINEAL","datos en formato reutilizable septiembre 2015.xls",65,30,2,27,1,"2015-09-01",15
"FUENCARRAL - EL PARDO","datos en formato reutilizable septiembre 2015.xls",14,20,2,4,0,"2015-09-01",8
"HORTALEZA","datos en formato reutilizable septiembre 2015.xls",15,11,3,36,18,"2015-09-01",16
"LATINA","datos en formato reutilizable septiembre 2015.xls",30,29,5,24,7,"2015-09-01",10
"MONCLOA - ARAVACA","datos en formato reutilizable septiembre 2015.xls",33,33,1,6,4,"2015-09-01",9
"MORATALAZ","datos en formato reutilizable septiembre 2015.xls",6,24,1,4,1,"2015-09-01",14
"OTRAS ZONAS","datos en formato reutilizable septiembre 2015.xls",0,0,0,0,0,"2015-09-01",22
"PUENTE DE VALLECAS","datos en formato reutilizable septiembre 2015.xls",61,39,11,21,13,"2015-09-01",13
"RETIRO","datos en formato reutilizable septiembre 2015.xls",14,11,0,16,0,"2015-09-01",3
"SALAMANCA","datos en formato reutilizable septiembre 2015.xls",8,35,0,8,2,"2015-09-01",4
"SAN BLAS - CANILLEJAS","datos en formato reutilizable septiembre 2015.xls",8,20,6,4,0,"2015-09-01",20
"TETUÁN","datos en formato reutilizable septiembre 2015.xls",17,38,0,10,1,"2015-09-01",6
"TOTAL","datos en formato reutilizable septiembre 2015.xls",576,756,64,648,173,"2015-09-01",23
"USERA","datos en formato reutilizable septiembre 2015.xls",18,44,1,40,3,"2015-09-01",12
"VICÁLVARO","datos en formato reutilizable septiembre 2015.xls",9,24,1,7,2,"2015-09-01",19
"VILLA DE VALLECAS","datos en formato reutilizable septiembre 2015.xls",17,31,10,43,15,"2015-09-01",18
"VILLAVERDE","datos en formato reutilizable septiembre 2015.xls",28,44,1,49,12,"2015-09-01",17
"ARGANZUELA","datos en formato reutilizable octubre 2015.xlsx",35,146,3,28,9,"2015-10-01",2
"BARAJAS","datos en formato reutilizable octubre 2015.xlsx",8,12,1,3,1,"2015-10-01",21
"CARABANCHEL","datos en formato reutilizable octubre 2015.xlsx",50,79,2,97,61,"2015-10-01",11
"CENTRO","datos en formato reutilizable octubre 2015.xlsx",60,86,7,184,60,"2015-10-01",1
"CHAMARTÍN","datos en formato reutilizable octubre 2015.xlsx",18,71,23,4,1,"2015-10-01",5
"CHAMBERÍ","datos en formato reutilizable octubre 2015.xlsx",22,17,4,2,0,"2015-10-01",7
"CIUDAD LINEAL","datos en formato reutilizable octubre 2015.xlsx",67,22,0,37,0,"2015-10-01",15
"FUENCARRAL - EL PARDO","datos en formato reutilizable octubre 2015.xlsx",20,17,4,21,20,"2015-10-01",8
"HORTALEZA","datos en formato reutilizable octubre 2015.xlsx",14,7,10,51,28,"2015-10-01",16
"LATINA","datos en formato reutilizable octubre 2015.xlsx",31,70,1,79,50,"2015-10-01",10
"MONCLOA - ARAVACA","datos en formato reutilizable octubre 2015.xlsx",25,33,0,4,0,"2015-10-01",9
"MORATALAZ","datos en formato reutilizable octubre 2015.xlsx",5,31,1,2,0,"2015-10-01",14
"OTRAS ZONAS","datos en formato reutilizable octubre 2015.xlsx",0,0,0,0,0,"2015-10-01",22
"PUENTE DE VALLECAS","datos en formato reutilizable octubre 2015.xlsx",76,48,10,22,5,"2015-10-01",13
"RETIRO","datos en formato reutilizable octubre 2015.xlsx",14,24,4,8,7,"2015-10-01",3
"SALAMANCA","datos en formato reutilizable octubre 2015.xlsx",4,54,2,4,2,"2015-10-01",4
"SAN BLAS - CANILLEJAS","datos en formato reutilizable octubre 2015.xlsx",12,31,2,4,3,"2015-10-01",20
"TETUÁN","datos en formato reutilizable octubre 2015.xlsx",29,48,1,21,2,"2015-10-01",6
"TOTAL","datos en formato reutilizable octubre 2015.xlsx",557,963,85,835,360,"2015-10-01",23
"USERA","datos en formato reutilizable octubre 2015.xlsx",25,66,2,50,16,"2015-10-01",12
"VICÁLVARO","datos en formato reutilizable octubre 2015.xlsx",8,23,0,8,4,"2015-10-01",19
"VILLA DE VALLECAS","datos en formato reutilizable octubre 2015.xlsx",9,28,6,135,79,"2015-10-01",18
"VILLAVERDE","datos en formato reutilizable octubre 2015.xlsx",25,50,2,71,12,"2015-10-01",17
"ARGANZUELA","datos en formato reutilizable noviembre 2015.xlsx",44,133,3,12,10,"2015-11-01",2
"BARAJAS","datos en formato reutilizable noviembre 2015.xlsx",7,13,0,3,0,"2015-11-01",21
"CARABANCHEL","datos en formato reutilizable noviembre 2015.xlsx",42,100,0,6,6,"2015-11-01",11
"CENTRO","datos en formato reutilizable noviembre 2015.xlsx",64,86,48,161,70,"2015-11-01",1
"CHAMARTÍN","datos en formato reutilizable noviembre 2015.xlsx",20,77,12,8,0,"2015-11-01",5
"CHAMBERÍ","datos en formato reutilizable noviembre 2015.xlsx",19,11,1,10,2,"2015-11-01",7
"CIUDAD LINEAL","datos en formato reutilizable noviembre 2015.xlsx",66,30,2,18,0,"2015-11-01",15
"FUENCARRAL - EL PARDO","datos en formato reutilizable noviembre 2015.xlsx",14,35,4,7,0,"2015-11-01",8
"HORTALEZA","datos en formato reutilizable noviembre 2015.xlsx",24,9,1,40,10,"2015-11-01",16
"LATINA","datos en formato reutilizable noviembre 2015.xlsx",17,32,2,14,2,"2015-11-01",10
"MONCLOA - ARAVACA","datos en formato reutilizable noviembre 2015.xlsx",26,36,2,9,1,"2015-11-01",9
"MORATALAZ","datos en formato reutilizable noviembre 2015.xlsx",4,30,0,1,0,"2015-11-01",14
"OTRAS ZONAS","datos en formato reutilizable noviembre 2015.xlsx",0,0,0,0,0,"2015-11-01",22
"PUENTE DE VALLECAS","datos en formato reutilizable noviembre 2015.xlsx",77,36,4,23,3,"2015-11-01",13
"RETIRO","datos en formato reutilizable noviembre 2015.xlsx",9,15,0,23,0,"2015-11-01",3
"SALAMANCA","datos en formato reutilizable noviembre 2015.xlsx",8,56,3,8,0,"2015-11-01",4
"SAN BLAS - CANILLEJAS","datos en formato reutilizable noviembre 2015.xlsx",14,40,1,2,3,"2015-11-01",20
"TETUÁN","datos en formato reutilizable noviembre 2015.xlsx",40,21,1,19,1,"2015-11-01",6
"TOTAL","datos en formato reutilizable noviembre 2015.xlsx",573,907,97,418,195,"2015-11-01",23
"USERA","datos en formato reutilizable noviembre 2015.xlsx",29,62,5,16,1,"2015-11-01",12
"VICÁLVARO","datos en formato reutilizable noviembre 2015.xlsx",12,23,2,5,0,"2015-11-01",19
"VILLA DE VALLECAS","datos en formato reutilizable noviembre 2015.xlsx",18,26,1,20,84,"2015-11-01",18
"VILLAVERDE","datos en formato reutilizable noviembre 2015.xlsx",19,36,5,13,2,"2015-11-01",17
"ARGANZUELA","datos diciembre 2015.xls",37,97,4,9,3,"2015-12-01",2
"BARAJAS","datos diciembre 2015.xls",11,15,0,5,0,"2015-12-01",21
"CARABANCHEL","datos diciembre 2015.xls",59,98,3,9,2,"2015-12-01",11
"CENTRO","datos diciembre 2015.xls",78,106,886,213,87,"2015-12-01",1
"CHAMARTÍN","datos diciembre 2015.xls",10,43,1,4,0,"2015-12-01",5
"CHAMBERÍ","datos diciembre 2015.xls",21,13,1,16,2,"2015-12-01",7
"CIUDAD LINEAL","datos diciembre 2015.xls",55,22,1,15,0,"2015-12-01",15
"FUENCARRAL - EL PARDO","datos diciembre 2015.xls",18,23,4,5,1,"2015-12-01",8
"HORTALEZA","datos diciembre 2015.xls",18,17,8,15,12,"2015-12-01",16
"LATINA","datos diciembre 2015.xls",14,29,1,7,0,"2015-12-01",10
"MONCLOA - ARAVACA","datos diciembre 2015.xls",14,27,0,6,0,"2015-12-01",9
"MORATALAZ","datos diciembre 2015.xls",4,19,11,0,0,"2015-12-01",14
"OTRAS ZONAS","datos diciembre 2015.xls",0,0,0,0,0,"2015-12-01",22
"PUENTE DE VALLECAS","datos diciembre 2015.xls",82,30,4,13,1,"2015-12-01",13
"RETIRO","datos diciembre 2015.xls",12,15,1,7,2,"2015-12-01",3
"SALAMANCA","datos diciembre 2015.xls",20,33,1,8,0,"2015-12-01",4
"SAN BLAS - CANILLEJAS","datos diciembre 2015.xls",12,49,1,4,0,"2015-12-01",20
"TETUÁN","datos diciembre 2015.xls",19,20,0,25,6,"2015-12-01",6
"TOTAL","datos diciembre 2015.xls",548,785,943,396,153,"2015-12-01",23
"USERA","datos diciembre 2015.xls",28,61,10,15,5,"2015-12-01",12
"VICÁLVARO","datos diciembre 2015.xls",8,13,1,3,4,"2015-12-01",19
"VILLA DE VALLECAS","datos diciembre 2015.xls",8,20,1,10,27,"2015-12-01",18
"VILLAVERDE","datos diciembre 2015.xls",20,35,4,7,1,"2015-12-01",17
"ARGANZUELA","DATOS EN FORMATO REUTILIZABLE ENERO 2016.xlsx",49,96,3,9,0,"2016-01-01",2
"BARAJAS","DATOS EN FORMATO REUTILIZABLE ENERO 2016.xlsx",5,23,0,7,0,"2016-01-01",21
"CARABANCHEL","DATOS EN FORMATO REUTILIZABLE ENERO 2016.xlsx",46,77,5,20,3,"2016-01-01",11
"CENTRO","DATOS EN FORMATO REUTILIZABLE ENERO 2016.xlsx",41,93,62,190,80,"2016-01-01",1
"CHAMARTÍN","DATOS EN FORMATO REUTILIZABLE ENERO 2016.xlsx",19,44,0,6,0,"2016-01-01",5
"CHAMBERÍ","DATOS EN FORMATO REUTILIZABLE ENERO 2016.xlsx",11,12,0,19,5,"2016-01-01",7
"CIUDAD LINEAL","DATOS EN FORMATO REUTILIZABLE ENERO 2016.xlsx",90,32,0,23,2,"2016-01-01",15
"FUENCARRAL - EL PARDO","DATOS EN FORMATO REUTILIZABLE ENERO 2016.xlsx",11,15,2,6,2,"2016-01-01",8
"HORTALEZA","DATOS EN FORMATO REUTILIZABLE ENERO 2016.xlsx",14,12,5,26,6,"2016-01-01",16
"LATINA","DATOS EN FORMATO REUTILIZABLE ENERO 2016.xlsx",18,27,2,14,2,"2016-01-01",10
"MONCLOA - ARAVACA","DATOS EN FORMATO REUTILIZABLE ENERO 2016.xlsx",20,17,2,7,2,"2016-01-01",9
"MORATALAZ","DATOS EN FORMATO REUTILIZABLE ENERO 2016.xlsx",6,19,0,5,2,"2016-01-01",14
"OTRAS ZONAS","DATOS EN FORMATO REUTILIZABLE ENERO 2016.xlsx",0,0,0,0,0,"2016-01-01",22
"PUENTE DE VALLECAS","DATOS EN FORMATO REUTILIZABLE ENERO 2016.xlsx",87,24,7,16,1,"2016-01-01",13
"RETIRO","DATOS EN FORMATO REUTILIZABLE ENERO 2016.xlsx",8,12,0,6,7,"2016-01-01",3
"SALAMANCA","DATOS EN FORMATO REUTILIZABLE ENERO 2016.xlsx",15,31,0,10,9,"2016-01-01",4
"SAN BLAS - CANILLEJAS","DATOS EN FORMATO REUTILIZABLE ENERO 2016.xlsx",16,35,0,2,4,"2016-01-01",20
"TETUÁN","DATOS EN FORMATO REUTILIZABLE ENERO 2016.xlsx",30,19,0,12,1,"2016-01-01",6
"TOTAL","DATOS EN FORMATO REUTILIZABLE ENERO 2016.xlsx",565,745,95,438,194,"2016-01-01",23
"USERA","DATOS EN FORMATO REUTILIZABLE ENERO 2016.xlsx",21,52,1,11,1,"2016-01-01",12
"VICÁLVARO","DATOS EN FORMATO REUTILIZABLE ENERO 2016.xlsx",11,15,0,8,4,"2016-01-01",19
"VILLA DE VALLECAS","DATOS EN FORMATO REUTILIZABLE ENERO 2016.xlsx",21,52,2,29,63,"2016-01-01",18
"VILLAVERDE","DATOS EN FORMATO REUTILIZABLE ENERO 2016.xlsx",26,38,4,12,0,"2016-01-01",17
"ARGANZUELA","DATOS EN FORMATO REUTILIZABLE FEBRERO 2016.xls",31,116,1,13,4,"2016-02-01",2
"BARAJAS","DATOS EN FORMATO REUTILIZABLE FEBRERO 2016.xls",2,17,0,4,0,"2016-02-01",21
"CARABANCHEL","DATOS EN FORMATO REUTILIZABLE FEBRERO 2016.xls",30,60,1,25,9,"2016-02-01",11
"CENTRO","DATOS EN FORMATO REUTILIZABLE FEBRERO 2016.xls",47,101,3,110,47,"2016-02-01",1
"CHAMARTÍN","DATOS EN FORMATO REUTILIZABLE FEBRERO 2016.xls",15,26,1,6,2,"2016-02-01",5
"CHAMBERÍ","DATOS EN FORMATO REUTILIZABLE FEBRERO 2016.xls",23,24,0,1,0,"2016-02-01",7
"CIUDAD LINEAL","DATOS EN FORMATO REUTILIZABLE FEBRERO 2016.xls",47,18,3,27,1,"2016-02-01",15
"FUENCARRAL - EL PARDO","DATOS EN FORMATO REUTILIZABLE FEBRERO 2016.xls",22,18,2,4,1,"2016-02-01",8
"HORTALEZA","DATOS EN FORMATO REUTILIZABLE FEBRERO 2016.xls",19,12,4,20,11,"2016-02-01",16
"LATINA","DATOS EN FORMATO REUTILIZABLE FEBRERO 2016.xls",30,28,0,7,1,"2016-02-01",10
"MONCLOA - ARAVACA","DATOS EN FORMATO REUTILIZABLE FEBRERO 2016.xls",27,27,1,5,0,"2016-02-01",9
"MORATALAZ","DATOS EN FORMATO REUTILIZABLE FEBRERO 2016.xls",8,19,0,8,0,"2016-02-01",14
"OTRAS ZONAS","DATOS EN FORMATO REUTILIZABLE FEBRERO 2016.xls",0,0,0,0,0,"2016-02-01",22
"PUENTE DE VALLECAS","DATOS EN FORMATO REUTILIZABLE FEBRERO 2016.xls",73,35,5,15,3,"2016-02-01",13
"RETIRO","DATOS EN FORMATO REUTILIZABLE FEBRERO 2016.xls",11,22,2,4,5,"2016-02-01",3
"SALAMANCA","DATOS EN FORMATO REUTILIZABLE FEBRERO 2016.xls",10,37,0,4,0,"2016-02-01",4
"SAN BLAS - CANILLEJAS","DATOS EN FORMATO REUTILIZABLE FEBRERO 2016.xls",21,31,0,19,1,"2016-02-01",20
"TETUÁN","DATOS EN FORMATO REUTILIZABLE FEBRERO 2016.xls",31,23,2,5,4,"2016-02-01",6
"TOTAL","DATOS EN FORMATO REUTILIZABLE FEBRERO 2016.xls",512,709,44,334,163,"2016-02-01",23
"USERA","DATOS EN FORMATO REUTILIZABLE FEBRERO 2016.xls",26,35,2,12,1,"2016-02-01",12
"VICÁLVARO","DATOS EN FORMATO REUTILIZABLE FEBRERO 2016.xls",10,20,8,4,2,"2016-02-01",19
"VILLA DE VALLECAS","DATOS EN FORMATO REUTILIZABLE FEBRERO 2016.xls",14,16,6,39,70,"2016-02-01",18
"VILLAVERDE","DATOS EN FORMATO REUTILIZABLE FEBRERO 2016.xls",15,24,3,2,1,"2016-02-01",17
"ARGANZUELA","DATOS EN FORMATO REUTILIZABLE MARZO 2016.xls",65,144,0,15,3,"2016-03-01",2
"BARAJAS","DATOS EN FORMATO REUTILIZABLE MARZO 2016.xls",9,15,0,10,1,"2016-03-01",21
"CARABANCHEL","DATOS EN FORMATO REUTILIZABLE MARZO 2016.xls",36,61,1,33,14,"2016-03-01",11
"CENTRO","DATOS EN FORMATO REUTILIZABLE MARZO 2016.xls",71,97,5,118,40,"2016-03-01",1
"CHAMARTÍN","DATOS EN FORMATO REUTILIZABLE MARZO 2016.xls",15,38,2,5,0,"2016-03-01",5
"CHAMBERÍ","DATOS EN FORMATO REUTILIZABLE MARZO 2016.xls",17,15,1,3,0,"2016-03-01",7
"CIUDAD LINEAL","DATOS EN FORMATO REUTILIZABLE MARZO 2016.xls",61,33,1,20,2,"2016-03-01",15
"FUENCARRAL - EL PARDO","DATOS EN FORMATO REUTILIZABLE MARZO 2016.xls",15,9,0,1,1,"2016-03-01",8
"HORTALEZA","DATOS EN FORMATO REUTILIZABLE MARZO 2016.xls",10,11,11,23,12,"2016-03-01",16
"LATINA","DATOS EN FORMATO REUTILIZABLE MARZO 2016.xls",14,31,2,7,0,"2016-03-01",10
"MONCLOA - ARAVACA","DATOS EN FORMATO REUTILIZABLE MARZO 2016.xls",22,38,4,10,2,"2016-03-01",9
"MORATALAZ","DATOS EN FORMATO REUTILIZABLE MARZO 2016.xls",1,17,0,15,0,"2016-03-01",14
"OTRAS ZONAS","DATOS EN FORMATO REUTILIZABLE MARZO 2016.xls",0,0,0,0,0,"2016-03-01",22
"PUENTE DE VALLECAS","DATOS EN FORMATO REUTILIZABLE MARZO 2016.xls",115,32,3,5,7,"2016-03-01",13
"RETIRO","DATOS EN FORMATO REUTILIZABLE MARZO 2016.xls",15,16,1,7,2,"2016-03-01",3
"SALAMANCA","DATOS EN FORMATO REUTILIZABLE MARZO 2016.xls",9,29,2,12,4,"2016-03-01",4
"SAN BLAS - CANILLEJAS","DATOS EN FORMATO REUTILIZABLE MARZO 2016.xls",12,26,3,11,1,"2016-03-01",20
"TETUÁN","DATOS EN FORMATO REUTILIZABLE MARZO 2016.xls",22,24,2,2,1,"2016-03-01",6
"TOTAL","DATOS EN FORMATO REUTILIZABLE MARZO 2016.xls",560,777,53,379,167,"2016-03-01",23
"USERA","DATOS EN FORMATO REUTILIZABLE MARZO 2016.xls",18,47,0,16,3,"2016-03-01",12
"VICÁLVARO","DATOS EN FORMATO REUTILIZABLE MARZO 2016.xls",6,16,1,5,2,"2016-03-01",19
"VILLA DE VALLECAS","DATOS EN FORMATO REUTILIZABLE MARZO 2016.xls",11,35,11,30,68,"2016-03-01",18
"VILLAVERDE","DATOS EN FORMATO REUTILIZABLE MARZO 2016.xls",16,43,3,31,4,"2016-03-01",17
"ARGANZUELA","DATOS EN FORMATO REUTILIZABLE ABRIL 2016.xls",52,137,0,11,6,"2016-04-01",2
"BARAJAS","DATOS EN FORMATO REUTILIZABLE ABRIL 2016.xls",11,14,1,7,0,"2016-04-01",21
"CARABANCHEL","DATOS EN FORMATO REUTILIZABLE ABRIL 2016.xls",43,52,0,36,16,"2016-04-01",11
"CENTRO","DATOS EN FORMATO REUTILIZABLE ABRIL 2016.xls",66,113,7,157,53,"2016-04-01",1
"CHAMARTÍN","DATOS EN FORMATO REUTILIZABLE ABRIL 2016.xls",14,37,1,8,0,"2016-04-01",5
"CHAMBERÍ","DATOS EN FORMATO REUTILIZABLE ABRIL 2016.xls",12,22,0,3,0,"2016-04-01",7
"CIUDAD LINEAL","DATOS EN FORMATO REUTILIZABLE ABRIL 2016.xls",67,37,6,19,2,"2016-04-01",15
"FUENCARRAL - EL PARDO","DATOS EN FORMATO REUTILIZABLE ABRIL 2016.xls",18,6,0,7,1,"2016-04-01",8
"HORTALEZA","DATOS EN FORMATO REUTILIZABLE ABRIL 2016.xls",18,16,1,14,16,"2016-04-01",16
"LATINA","DATOS EN FORMATO REUTILIZABLE ABRIL 2016.xls",31,42,1,6,0,"2016-04-01",10
"MONCLOA - ARAVACA","DATOS EN FORMATO REUTILIZABLE ABRIL 2016.xls",32,43,0,6,1,"2016-04-01",9
"MORATALAZ","DATOS EN FORMATO REUTILIZABLE ABRIL 2016.xls",11,14,2,10,0,"2016-04-01",14
"OTRAS ZONAS","DATOS EN FORMATO REUTILIZABLE ABRIL 2016.xls",0,0,0,0,0,"2016-04-01",22
"PUENTE DE VALLECAS","DATOS EN FORMATO REUTILIZABLE ABRIL 2016.xls",75,48,7,16,2,"2016-04-01",13
"RETIRO","DATOS EN FORMATO REUTILIZABLE ABRIL 2016.xls",13,22,1,24,0,"2016-04-01",3
"SALAMANCA","DATOS EN FORMATO REUTILIZABLE ABRIL 2016.xls",16,48,0,14,4,"2016-04-01",4
"SAN BLAS - CANILLEJAS","DATOS EN FORMATO REUTILIZABLE ABRIL 2016.xls",18,37,0,15,1,"2016-04-01",20
"TETUÁN","DATOS EN FORMATO REUTILIZABLE ABRIL 2016.xls",29,29,15,10,3,"2016-04-01",6
"TOTAL","DATOS EN FORMATO REUTILIZABLE ABRIL 2016.xls",611,849,75,487,153,"2016-04-01",23
"USERA","DATOS EN FORMATO REUTILIZABLE ABRIL 2016.xls",27,58,9,19,3,"2016-04-01",12
"VICÁLVARO","DATOS EN FORMATO REUTILIZABLE ABRIL 2016.xls",12,19,2,7,5,"2016-04-01",19
"VILLA DE VALLECAS","DATOS EN FORMATO REUTILIZABLE ABRIL 2016.xls",21,15,10,59,29,"2016-04-01",18
"VILLAVERDE","DATOS EN FORMATO REUTILIZABLE ABRIL 2016.xls",25,40,12,39,11,"2016-04-01",17
"ARGANZUELA","MAYO 2016.xls",48,205,2,8,14,"2016-05-01",2
"BARAJAS","MAYO 2016.xls",14,17,0,6,1,"2016-05-01",21
"CARABANCHEL","MAYO 2016.xls",54,59,6,130,54,"2016-05-01",11
"CENTRO","MAYO 2016.xls",60,113,3,131,78,"2016-05-01",1
"CHAMARTÍN","MAYO 2016.xls",9,29,1,7,0,"2016-05-01",5
"CHAMBERÍ","MAYO 2016.xls",18,19,0,25,0,"2016-05-01",7
"CIUDAD LINEAL","MAYO 2016.xls",85,31,0,22,1,"2016-05-01",15
"FUENCARRAL - EL PARDO","MAYO 2016.xls",11,7,1,20,1,"2016-05-01",8
"HORTALEZA","MAYO 2016.xls",19,11,3,26,28,"2016-05-01",16
"LATINA","MAYO 2016.xls",28,38,7,9,0,"2016-05-01",10
"MONCLOA - ARAVACA","MAYO 2016.xls",30,40,0,18,3,"2016-05-01",9
"MORATALAZ","MAYO 2016.xls",5,8,3,4,1,"2016-05-01",14
"OTRAS ZONAS","MAYO 2016.xls",0,0,0,0,0,"2016-05-01",22
"PUENTE DE VALLECAS","MAYO 2016.xls",103,36,6,9,0,"2016-05-01",13
"RETIRO","MAYO 2016.xls",4,10,2,3,1,"2016-05-01",3
"SALAMANCA","MAYO 2016.xls",13,37,1,12,2,"2016-05-01",4
"SAN BLAS - CANILLEJAS","MAYO 2016.xls",22,26,0,20,2,"2016-05-01",20
"TETUÁN","MAYO 2016.xls",27,37,1,13,1,"2016-05-01",6
"TOTAL","MAYO 2016.xls",650,859,57,560,248,"2016-05-01",23
"USERA","MAYO 2016.xls",44,47,3,7,2,"2016-05-01",12
"VICÁLVARO","MAYO 2016.xls",9,24,2,6,1,"2016-05-01",19
"VILLA DE VALLECAS","MAYO 2016.xls",18,20,10,46,49,"2016-05-01",18
"VILLAVERDE","MAYO 2016.xls",29,45,6,38,9,"2016-05-01",17
"ARGANZUELA","JUNIO 2016.xls",49,232,0,13,2,"2016-06-01",2
"BARAJAS","JUNIO 2016.xls",9,16,0,16,0,"2016-06-01",21
"CARABANCHEL","JUNIO 2016.xls",46,66,0,21,2,"2016-06-01",11
"CENTRO","JUNIO 2016.xls",76,96,5,159,64,"2016-06-01",1
"CHAMARTÍN","JUNIO 2016.xls",20,43,5,7,1,"2016-06-01",5
"CHAMBERÍ","JUNIO 2016.xls",19,28,4,10,0,"2016-06-01",7
"CIUDAD LINEAL","JUNIO 2016.xls",74,40,2,16,2,"2016-06-01",15
"FUENCARRAL - EL PARDO","JUNIO 2016.xls",21,17,1,15,4,"2016-06-01",8
"HORTALEZA","JUNIO 2016.xls",16,10,3,16,6,"2016-06-01",16
"LATINA","JUNIO 2016.xls",22,57,0,5,6,"2016-06-01",10
"MONCLOA - ARAVACA","JUNIO 2016.xls",26,31,3,20,3,"2016-06-01",9
"MORATALAZ","JUNIO 2016.xls",11,21,5,18,0,"2016-06-01",14
"OTRAS ZONAS","JUNIO 2016.xls",0,0,0,0,0,"2016-06-01",22
"PUENTE DE VALLECAS","JUNIO 2016.xls",104,42,1,14,0,"2016-06-01",13
"RETIRO","JUNIO 2016.xls",11,20,2,12,1,"2016-06-01",3
"SALAMANCA","JUNIO 2016.xls",9,41,4,9,2,"2016-06-01",4
"SAN BLAS - CANILLEJAS","JUNIO 2016.xls",23,34,2,15,5,"2016-06-01",20
"TETUÁN","JUNIO 2016.xls",38,19,3,10,3,"2016-06-01",6
"TOTAL","JUNIO 2016.xls",663,957,56,467,129,"2016-06-01",23
"USERA","JUNIO 2016.xls",33,57,5,30,8,"2016-06-01",12
"VICÁLVARO","JUNIO 2016.xls",11,19,2,4,1,"2016-06-01",19
"VILLA DE VALLECAS","JUNIO 2016.xls",14,33,4,38,17,"2016-06-01",18
"VILLAVERDE","JUNIO 2016.xls",31,35,5,19,2,"2016-06-01",17
"ARGANZUELA","JULIO 2016.xls",43,179,7,10,6,"2016-07-01",2
"BARAJAS","JULIO 2016.xls",9,17,0,0,1,"2016-07-01",21
"CARABANCHEL","JULIO 2016.xls",42,51,2,7,6,"2016-07-01",11
"CENTRO","JULIO 2016.xls",47,114,3,302,166,"2016-07-01",1
"CHAMARTÍN","JULIO 2016.xls",3,13,1,6,2,"2016-07-01",5
"CHAMBERÍ","JULIO 2016.xls",14,18,0,11,4,"2016-07-01",7
"CIUDAD LINEAL","JULIO 2016.xls",70,34,2,16,0,"2016-07-01",15
"FUENCARRAL - EL PARDO","JULIO 2016.xls",21,14,4,14,1,"2016-07-01",8
"HORTALEZA","JULIO 2016.xls",12,21,3,14,1,"2016-07-01",16
"LATINA","JULIO 2016.xls",29,39,1,0,0,"2016-07-01",10
"MONCLOA - ARAVACA","JULIO 2016.xls",18,31,0,8,0,"2016-07-01",9
"MORATALAZ","JULIO 2016.xls",5,15,2,4,0,"2016-07-01",14
"OTRAS ZONAS","JULIO 2016.xls",0,0,0,0,0,"2016-07-01",22
"PUENTE DE VALLECAS","JULIO 2016.xls",84,68,15,47,8,"2016-07-01",13
"RETIRO","JULIO 2016.xls",10,21,1,11,0,"2016-07-01",3
"SALAMANCA","JULIO 2016.xls",10,37,0,17,6,"2016-07-01",4
"SAN BLAS - CANILLEJAS","JULIO 2016.xls",19,33,17,16,12,"2016-07-01",20
"TETUÁN","JULIO 2016.xls",23,21,3,16,11,"2016-07-01",6
"TOTAL","JULIO 2016.xls",548,909,75,545,273,"2016-07-01",23
"USERA","JULIO 2016.xls",40,62,8,5,1,"2016-07-01",12
"VICÁLVARO","JULIO 2016.xls",6,32,0,13,1,"2016-07-01",19
"VILLA DE VALLECAS","JULIO 2016.xls",14,47,1,5,47,"2016-07-01",18
"VILLAVERDE","JULIO 2016.xls",29,42,5,23,0,"2016-07-01",17
"ARGANZUELA","AGOSTO16.xls",44,69,0,10,2,"2016-08-01",2
"BARAJAS","AGOSTO16.xls",5,13,0,2,0,"2016-08-01",21
"CARABANCHEL","AGOSTO16.xls",41,52,2,22,7,"2016-08-01",11
"CENTRO","AGOSTO16.xls",50,97,3,226,91,"2016-08-01",1
"CHAMARTÍN","AGOSTO16.xls",6,21,1,4,1,"2016-08-01",5
"CHAMBERÍ","AGOSTO16.xls",13,13,1,13,1,"2016-08-01",7
"CIUDAD LINEAL","AGOSTO16.xls",54,28,5,25,1,"2016-08-01",15
"FUENCARRAL - EL PARDO","AGOSTO16.xls",9,10,0,16,5,"2016-08-01",8
"HORTALEZA","AGOSTO16.xls",7,30,0,4,0,"2016-08-01",16
"LATINA","AGOSTO16.xls",24,19,0,5,0,"2016-08-01",10
"MONCLOA - ARAVACA","AGOSTO16.xls",21,23,0,5,1,"2016-08-01",9
"MORATALAZ","AGOSTO16.xls",8,17,1,15,1,"2016-08-01",14
"OTRAS ZONAS","AGOSTO16.xls",0,0,0,0,0,"2016-08-01",22
"PUENTE DE VALLECAS","AGOSTO16.xls",120,59,9,14,1,"2016-08-01",13
"RETIRO","AGOSTO16.xls",11,20,1,12,0,"2016-08-01",3
"SALAMANCA","AGOSTO16.xls",4,42,0,2,1,"2016-08-01",4
"SAN BLAS - CANILLEJAS","AGOSTO16.xls",20,24,9,6,5,"2016-08-01",20
"TETUÁN","AGOSTO16.xls",26,22,4,17,0,"2016-08-01",6
"TOTAL","AGOSTO16.xls",529,726,55,506,181,"2016-08-01",23
"USERA","AGOSTO16.xls",28,69,4,15,1,"2016-08-01",12
"VICÁLVARO","AGOSTO16.xls",8,26,2,11,1,"2016-08-01",19
"VILLA DE VALLECAS","AGOSTO16.xls",13,40,13,66,62,"2016-08-01",18
"VILLAVERDE","AGOSTO16.xls",17,32,0,16,0,"2016-08-01",17
"ARGANZUELA","SEPTIEMBRE16.xls",46,172,4,24,36,"2016-09-01",2
"BARAJAS","SEPTIEMBRE16.xls",7,11,3,70,0,"2016-09-01",21
"CARABANCHEL","SEPTIEMBRE16.xls",28,41,5,47,10,"2016-09-01",11
"CENTRO","SEPTIEMBRE16.xls",59,92,10,98,55,"2016-09-01",1
"CHAMARTÍN","SEPTIEMBRE16.xls",18,31,3,25,8,"2016-09-01",5
"CHAMBERÍ","SEPTIEMBRE16.xls",12,15,4,19,7,"2016-09-01",7
"CIUDAD LINEAL","SEPTIEMBRE16.xls",78,30,3,28,2,"2016-09-01",15
"FUENCARRAL - EL PARDO","SEPTIEMBRE16.xls",12,12,4,18,0,"2016-09-01",8
"HORTALEZA","SEPTIEMBRE16.xls",11,15,4,6,0,"2016-09-01",16
"LATINA","SEPTIEMBRE16.xls",20,43,1,2,1,"2016-09-01",10
"MONCLOA - ARAVACA","SEPTIEMBRE16.xls",26,32,3,7,0,"2016-09-01",9
"MORATALAZ","SEPTIEMBRE16.xls",3,22,10,14,0,"2016-09-01",14
"OTRAS ZONAS","SEPTIEMBRE16.xls",0,0,0,0,0,"2016-09-01",22
"PUENTE DE VALLECAS","SEPTIEMBRE16.xls",116,60,14,14,10,"2016-09-01",13
"RETIRO","SEPTIEMBRE16.xls",4,14,3,8,2,"2016-09-01",3
"SALAMANCA","SEPTIEMBRE16.xls",12,43,3,17,9,"2016-09-01",4
"SAN BLAS - CANILLEJAS","SEPTIEMBRE16.xls",12,27,2,19,3,"2016-09-01",20
"TETUÁN","SEPTIEMBRE16.xls",31,26,5,11,4,"2016-09-01",6
"TOTAL","SEPTIEMBRE16.xls",569,850,105,513,196,"2016-09-01",23
"USERA","SEPTIEMBRE16.xls",35,93,3,22,6,"2016-09-01",12
"VICÁLVARO","SEPTIEMBRE16.xls",3,19,3,10,5,"2016-09-01",19
"VILLA DE VALLECAS","SEPTIEMBRE16.xls",14,21,17,52,35,"2016-09-01",18
"VILLAVERDE","SEPTIEMBRE16.xls",22,31,1,2,3,"2016-09-01",17
"ARGANZUELA","OCTUBRE16.xls",37,210,2,67,5,"2016-10-01",2
"BARAJAS","OCTUBRE16.xls",9,11,1,4,1,"2016-10-01",21
"CARABANCHEL","OCTUBRE16.xls",30,51,8,74,12,"2016-10-01",11
"CENTRO","OCTUBRE16.xls",65,134,6,209,63,"2016-10-01",1
"CHAMARTÍN","OCTUBRE16.xls",9,32,3,49,1,"2016-10-01",5
"CHAMBERÍ","OCTUBRE16.xls",27,22,5,24,8,"2016-10-01",7
"CIUDAD LINEAL","OCTUBRE16.xls",63,39,6,37,5,"2016-10-01",15
"FUENCARRAL - EL PARDO","OCTUBRE16.xls",16,22,6,45,12,"2016-10-01",8
"HORTALEZA","OCTUBRE16.xls",6,16,8,19,4,"2016-10-01",16
"LATINA","OCTUBRE16.xls",20,34,2,8,3,"2016-10-01",10
"MONCLOA - ARAVACA","OCTUBRE16.xls",21,30,1,9,3,"2016-10-01",9
"MORATALAZ","OCTUBRE16.xls",3,18,3,7,0,"2016-10-01",14
"OTRAS ZONAS","OCTUBRE16.xls",0,0,0,0,0,"2016-10-01",22
"PUENTE DE VALLECAS","OCTUBRE16.xls",95,63,7,37,11,"2016-10-01",13
"RETIRO","OCTUBRE16.xls",11,16,7,9,1,"2016-10-01",3
"SALAMANCA","OCTUBRE16.xls",16,71,0,19,4,"2016-10-01",4
"SAN BLAS - CANILLEJAS","OCTUBRE16.xls",11,38,1,1,1,"2016-10-01",20
"TETUÁN","OCTUBRE16.xls",20,23,5,31,27,"2016-10-01",6
"TOTAL","OCTUBRE16.xls",526,982,87,743,172,"2016-10-01",23
"USERA","OCTUBRE16.xls",28,63,1,7,3,"2016-10-01",12
"VICÁLVARO","OCTUBRE16.xls",10,21,0,9,0,"2016-10-01",19
"VILLA DE VALLECAS","OCTUBRE16.xls",7,24,9,57,8,"2016-10-01",18
"VILLAVERDE","OCTUBRE16.xls",22,44,6,21,0,"2016-10-01",17
"ARGANZUELA","DATOS NOVIEMBRE 2016.xls",34,143,2,20,2,"2016-11-01",2
"BARAJAS","DATOS NOVIEMBRE 2016.xls",8,13,2,13,1,"2016-11-01",21
"CARABANCHEL","DATOS NOVIEMBRE 2016.xls",38,58,22,55,7,"2016-11-01",11
"CENTRO","DATOS NOVIEMBRE 2016.xls",64,174,6,215,79,"2016-11-01",1
"CHAMARTÍN","DATOS NOVIEMBRE 2016.xls",12,21,0,13,1,"2016-11-01",5
"CHAMBERÍ","DATOS NOVIEMBRE 2016.xls",18,17,0,19,3,"2016-11-01",7
"CIUDAD LINEAL","DATOS NOVIEMBRE 2016.xls",74,30,4,45,1,"2016-11-01",15
"FUENCARRAL - EL PARDO","DATOS NOVIEMBRE 2016.xls",16,18,3,15,0,"2016-11-01",8
"HORTALEZA","DATOS NOVIEMBRE 2016.xls",10,14,5,10,1,"2016-11-01",16
"LATINA","DATOS NOVIEMBRE 2016.xls",19,16,3,2,6,"2016-11-01",10
"MONCLOA - ARAVACA","DATOS NOVIEMBRE 2016.xls",15,30,2,6,3,"2016-11-01",9
"MORATALAZ","DATOS NOVIEMBRE 2016.xls",3,15,4,11,1,"2016-11-01",14
"OTRAS ZONAS","DATOS NOVIEMBRE 2016.xls",0,0,0,0,0,"2016-11-01",22
"PUENTE DE VALLECAS","DATOS NOVIEMBRE 2016.xls",62,65,11,20,0,"2016-11-01",13
"RETIRO","DATOS NOVIEMBRE 2016.xls",3,10,6,10,1,"2016-11-01",3
"SALAMANCA","DATOS NOVIEMBRE 2016.xls",5,52,4,6,7,"2016-11-01",4
"SAN BLAS - CANILLEJAS","DATOS NOVIEMBRE 2016.xls",4,31,1,5,1,"2016-11-01",20
"TETUÁN","DATOS NOVIEMBRE 2016.xls",31,16,7,28,16,"2016-11-01",6
"TOTAL","DATOS NOVIEMBRE 2016.xls",468,858,105,580,218,"2016-11-01",23
"USERA","DATOS NOVIEMBRE 2016.xls",23,50,0,18,6,"2016-11-01",12
"VICÁLVARO","DATOS NOVIEMBRE 2016.xls",4,19,3,6,1,"2016-11-01",19
"VILLA DE VALLECAS","DATOS NOVIEMBRE 2016.xls",13,30,14,48,79,"2016-11-01",18
"VILLAVERDE","DATOS NOVIEMBRE 2016.xls",12,36,6,15,2,"2016-11-01",17
"ARGANZUELA","DATOS DICIEMBRE 2016.xls",41,102,2,5,1,"2016-12-01",2
"BARAJAS","DATOS DICIEMBRE 2016.xls",13,13,0,0,0,"2016-12-01",21
"CARABANCHEL","DATOS DICIEMBRE 2016.xls",36,84,37,15,1,"2016-12-01",11
"CENTRO","DATOS DICIEMBRE 2016.xls",68,273,818,185,59,"2016-12-01",1
"CHAMARTÍN","DATOS DICIEMBRE 2016.xls",14,26,3,12,6,"2016-12-01",5
"CHAMBERÍ","DATOS DICIEMBRE 2016.xls",18,25,1,34,3,"2016-12-01",7
"CIUDAD LINEAL","DATOS DICIEMBRE 2016.xls",80,32,2,29,2,"2016-12-01",15
"FUENCARRAL - EL PARDO","DATOS DICIEMBRE 2016.xls",12,14,7,3,1,"2016-12-01",8
"HORTALEZA","DATOS DICIEMBRE 2016.xls",17,19,5,19,3,"2016-12-01",16
"LATINA","DATOS DICIEMBRE 2016.xls",17,34,28,9,5,"2016-12-01",10
"MONCLOA - ARAVACA","DATOS DICIEMBRE 2016.xls",28,29,3,18,5,"2016-12-01",9
"MORATALAZ","DATOS DICIEMBRE 2016.xls",5,11,10,9,1,"2016-12-01",14
"OTRAS ZONAS","DATOS DICIEMBRE 2016.xls",0,0,0,0,0,"2016-12-01",22
"PUENTE DE VALLECAS","DATOS DICIEMBRE 2016.xls",125,80,42,45,1,"2016-12-01",13
"RETIRO","DATOS DICIEMBRE 2016.xls",14,16,1,8,8,"2016-12-01",3
"SALAMANCA","DATOS DICIEMBRE 2016.xls",22,54,2,20,6,"2016-12-01",4
"SAN BLAS - CANILLEJAS","DATOS DICIEMBRE 2016.xls",6,32,3,3,1,"2016-12-01",20
"TETUÁN","DATOS DICIEMBRE 2016.xls",30,35,14,126,5,"2016-12-01",6
"TOTAL","DATOS DICIEMBRE 2016.xls",595,1005,999,601,213,"2016-12-01",23
"USERA","DATOS DICIEMBRE 2016.xls",23,34,12,10,2,"2016-12-01",12
"VICÁLVARO","DATOS DICIEMBRE 2016.xls",4,14,2,21,2,"2016-12-01",19
"VILLA DE VALLECAS","DATOS DICIEMBRE 2016.xls",14,28,3,10,99,"2016-12-01",18
"VILLAVERDE","DATOS DICIEMBRE 2016.xls",8,50,4,20,2,"2016-12-01",17
"ARGANZUELA","DATOS ENERO 2017.xls",42,147,7,27,8,"2017-01-01",2
"BARAJAS","DATOS ENERO 2017.xls",7,11,3,2,0,"2017-01-01",21
"CARABANCHEL","DATOS ENERO 2017.xls",44,60,9,35,9,"2017-01-01",11
"CENTRO","DATOS ENERO 2017.xls",51,235,51,212,79,"2017-01-01",1
"CHAMARTÍN","DATOS ENERO 2017.xls",10,18,2,19,8,"2017-01-01",5
"CHAMBERÍ","DATOS ENERO 2017.xls",11,12,1,26,11,"2017-01-01",7
"CIUDAD LINEAL","DATOS ENERO 2017.xls",58,22,2,32,1,"2017-01-01",15
"FUENCARRAL - EL PARDO","DATOS ENERO 2017.xls",23,10,1,9,3,"2017-01-01",8
"HORTALEZA","DATOS ENERO 2017.xls",12,22,4,25,3,"2017-01-01",16
"LATINA","DATOS ENERO 2017.xls",20,36,18,13,4,"2017-01-01",10
"MONCLOA - ARAVACA","DATOS ENERO 2017.xls",21,33,7,18,7,"2017-01-01",9
"MORATALAZ","DATOS ENERO 2017.xls",6,21,12,24,0,"2017-01-01",14
"OTRAS ZONAS","DATOS ENERO 2017.xls",0,0,0,0,0,"2017-01-01",22
"PUENTE DE VALLECAS","DATOS ENERO 2017.xls",123,68,16,54,12,"2017-01-01",13
"RETIRO","DATOS ENERO 2017.xls",12,12,3,33,1,"2017-01-01",3
"SALAMANCA","DATOS ENERO 2017.xls",7,39,0,4,6,"2017-01-01",4
"SAN BLAS - CANILLEJAS","DATOS ENERO 2017.xls",8,30,13,21,2,"2017-01-01",20
"TETUÁN","DATOS ENERO 2017.xls",19,20,3,44,7,"2017-01-01",6
"TOTAL","DATOS ENERO 2017.xls",554,889,172,686,254,"2017-01-01",23
"USERA","DATOS ENERO 2017.xls",26,34,9,9,1,"2017-01-01",12
"VICÁLVARO","DATOS ENERO 2017.xls",10,12,2,11,2,"2017-01-01",19
"VILLA DE VALLECAS","DATOS ENERO 2017.xls",23,23,7,59,88,"2017-01-01",18
"VILLAVERDE","DATOS ENERO 2017.xls",21,24,2,9,2,"2017-01-01",17
"ARGANZUELA","DATOS FEBRERO 2017.xls",40,128,7,19,4,"2017-02-01",2
"BARAJAS","DATOS FEBRERO 2017.xls",5,9,3,3,0,"2017-02-01",21
"CARABANCHEL","DATOS FEBRERO 2017.xls",26,46,3,24,2,"2017-02-01",11
"CENTRO","DATOS FEBRERO 2017.xls",57,101,10,122,50,"2017-02-01",1
"CHAMARTÍN","DATOS FEBRERO 2017.xls",9,36,2,26,1,"2017-02-01",5
"CHAMBERÍ","DATOS FEBRERO 2017.xls",20,32,6,20,10,"2017-02-01",7
"CIUDAD LINEAL","DATOS FEBRERO 2017.xls",67,22,4,44,3,"2017-02-01",15
"FUENCARRAL - EL PARDO","DATOS FEBRERO 2017.xls",12,10,4,15,1,"2017-02-01",8
"HORTALEZA","DATOS FEBRERO 2017.xls",12,16,3,32,8,"2017-02-01",16
"LATINA","DATOS FEBRERO 2017.xls",20,32,1,21,6,"2017-02-01",10
"MONCLOA - ARAVACA","DATOS FEBRERO 2017.xls",15,33,0,9,5,"2017-02-01",9
"MORATALAZ","DATOS FEBRERO 2017.xls",1,23,3,18,0,"2017-02-01",14
"OTRAS ZONAS","DATOS FEBRERO 2017.xls",0,0,0,0,0,"2017-02-01",22
"PUENTE DE VALLECAS","DATOS FEBRERO 2017.xls",66,50,39,61,7,"2017-02-01",13
"RETIRO","DATOS FEBRERO 2017.xls",7,10,2,8,3,"2017-02-01",3
"SALAMANCA","DATOS FEBRERO 2017.xls",10,37,2,17,4,"2017-02-01",4
"SAN BLAS - CANILLEJAS","DATOS FEBRERO 2017.xls",11,29,10,34,3,"2017-02-01",20
"TETUÁN","DATOS FEBRERO 2017.xls",27,38,10,39,23,"2017-02-01",6
"TOTAL","DATOS FEBRERO 2017.xls",461,768,118,586,170,"2017-02-01",23
"USERA","DATOS FEBRERO 2017.xls",14,38,3,11,2,"2017-02-01",12
"VICÁLVARO","DATOS FEBRERO 2017.xls",10,19,1,12,1,"2017-02-01",19
"VILLA DE VALLECAS","DATOS FEBRERO 2017.xls",11,19,3,23,34,"2017-02-01",18
"VILLAVERDE","DATOS FEBRERO 2017.xls",21,40,2,28,3,"2017-02-01",17
"ARGANZUELA","DATOS_MARZO_2017.xls",36,122,2,30,4,"2017-03-01",2
"BARAJAS","DATOS_MARZO_2017.xls",12,25,3,4,0,"2017-03-01",21
"CARABANCHEL","DATOS_MARZO_2017.xls",36,53,5,39,0,"2017-03-01",11
"CENTRO","DATOS_MARZO_2017.xls",62,153,5,191,92,"2017-03-01",1
"CHAMARTÍN","DATOS_MARZO_2017.xls",14,28,3,8,3,"2017-03-01",5
"CHAMBERÍ","DATOS_MARZO_2017.xls",13,16,3,33,8,"2017-03-01",7
"CIUDAD LINEAL","DATOS_MARZO_2017.xls",59,24,5,27,0,"2017-03-01",15
"FUENCARRAL - EL PARDO","DATOS_MARZO_2017.xls",11,10,2,11,2,"2017-03-01",8
"HORTALEZA","DATOS_MARZO_2017.xls",12,16,23,21,5,"2017-03-01",16
"LATINA","DATOS_MARZO_2017.xls",32,27,3,15,1,"2017-03-01",10
"MONCLOA - ARAVACA","DATOS_MARZO_2017.xls",20,36,2,28,5,"2017-03-01",9
"MORATALAZ","DATOS_MARZO_2017.xls",9,14,5,22,0,"2017-03-01",14
"OTRAS ZONAS","DATOS_MARZO_2017.xls",0,0,0,0,0,"2017-03-01",22
"PUENTE DE VALLECAS","DATOS_MARZO_2017.xls",95,65,11,71,9,"2017-03-01",13
"RETIRO","DATOS_MARZO_2017.xls",7,16,1,9,5,"2017-03-01",3
"SALAMANCA","DATOS_MARZO_2017.xls",10,39,2,30,6,"2017-03-01",4
"SAN BLAS - CANILLEJAS","DATOS_MARZO_2017.xls",17,22,1,65,28,"2017-03-01",20
"TETUÁN","DATOS_MARZO_2017.xls",20,36,5,76,19,"2017-03-01",6
"TOTAL","DATOS_MARZO_2017.xls",529,825,98,808,281,"2017-03-01",23
"USERA","DATOS_MARZO_2017.xls",15,46,4,13,10,"2017-03-01",12
"VICÁLVARO","DATOS_MARZO_2017.xls",12,10,0,23,8,"2017-03-01",19
"VILLA DE VALLECAS","DATOS_MARZO_2017.xls",16,28,10,64,70,"2017-03-01",18
"VILLAVERDE","DATOS_MARZO_2017.xls",21,39,3,28,6,"2017-03-01",17
"ARGANZUELA","DATOS_ABRIL_2017.xls",30,150,2,10,6,"2017-04-01",2
"BARAJAS","DATOS_ABRIL_2017.xls",8,20,2,8,0,"2017-04-01",21
"CARABANCHEL","DATOS_ABRIL_2017.xls",28,51,6,78,12,"2017-04-01",11
"CENTRO","DATOS_ABRIL_2017.xls",57,197,7,184,86,"2017-04-01",1
"CHAMARTÍN","DATOS_ABRIL_2017.xls",8,27,3,29,0,"2017-04-01",5
"CHAMBERÍ","DATOS_ABRIL_2017.xls",24,25,7,24,3,"2017-04-01",7
"CIUDAD LINEAL","DATOS_ABRIL_2017.xls",84,31,9,46,2,"2017-04-01",15
"FUENCARRAL - EL PARDO","DATOS_ABRIL_2017.xls",8,12,2,10,2,"2017-04-01",8
"HORTALEZA","DATOS_ABRIL_2017.xls",12,14,4,18,4,"2017-04-01",16
"LATINA","DATOS_ABRIL_2017.xls",22,32,3,14,4,"2017-04-01",10
"MONCLOA - ARAVACA","DATOS_ABRIL_2017.xls",28,35,1,7,8,"2017-04-01",9
"MORATALAZ","DATOS_ABRIL_2017.xls",8,16,3,23,1,"2017-04-01",14
"OTRAS ZONAS","DATOS_ABRIL_2017.xls",0,0,0,0,0,"2017-04-01",22
"PUENTE DE VALLECAS","DATOS_ABRIL_2017.xls",105,59,7,45,7,"2017-04-01",13
"RETIRO","DATOS_ABRIL_2017.xls",4,17,2,11,2,"2017-04-01",3
"SALAMANCA","DATOS_ABRIL_2017.xls",13,47,1,28,3,"2017-04-01",4
"SAN BLAS - CANILLEJAS","DATOS_ABRIL_2017.xls",9,35,3,43,11,"2017-04-01",20
"TETUÁN","DATOS_ABRIL_2017.xls",14,46,6,77,14,"2017-04-01",6
"TOTAL","DATOS_ABRIL_2017.xls",536,942,91,752,282,"2017-04-01",23
"USERA","DATOS_ABRIL_2017.xls",28,48,7,22,0,"2017-04-01",12
"VICÁLVARO","DATOS_ABRIL_2017.xls",8,17,2,10,1,"2017-04-01",19
"VILLA DE VALLECAS","DATOS_ABRIL_2017.xls",22,23,11,40,110,"2017-04-01",18
"VILLAVERDE","DATOS_ABRIL_2017.xls",16,40,3,25,6,"2017-04-01",17
"ARGANZUELA","DATOS_MAYO_2017.xls",37,173,5,48,9,"2017-05-01",2
"BARAJAS","DATOS_MAYO_2017.xls",10,33,0,6,1,"2017-05-01",21
"CARABANCHEL","DATOS_MAYO_2017.xls",58,55,45,172,15,"2017-05-01",11
"CENTRO","DATOS_MAYO_2017.xls",70,151,9,325,159,"2017-05-01",1
"CHAMARTÍN","DATOS_MAYO_2017.xls",8,26,8,28,0,"2017-05-01",5
"CHAMBERÍ","DATOS_MAYO_2017.xls",17,18,4,36,4,"2017-05-01",7
"CIUDAD LINEAL","DATOS_MAYO_2017.xls",77,28,2,50,1,"2017-05-01",15
"FUENCARRAL - EL PARDO","DATOS_MAYO_2017.xls",19,18,2,20,2,"2017-05-01",8
"HORTALEZA","DATOS_MAYO_2017.xls",16,23,16,42,16,"2017-05-01",16
"LATINA","DATOS_MAYO_2017.xls",28,32,6,32,6,"2017-05-01",10
"MONCLOA - ARAVACA","DATOS_MAYO_2017.xls",22,39,2,10,10,"2017-05-01",9
"MORATALAZ","DATOS_MAYO_2017.xls",6,8,9,14,1,"2017-05-01",14
"OTRAS ZONAS","DATOS_MAYO_2017.xls",0,0,0,0,0,"2017-05-01",22
"PUENTE DE VALLECAS","DATOS_MAYO_2017.xls",109,75,16,57,0,"2017-05-01",13
"RETIRO","DATOS_MAYO_2017.xls",11,14,3,14,7,"2017-05-01",3
"SALAMANCA","DATOS_MAYO_2017.xls",10,41,2,16,6,"2017-05-01",4
"SAN BLAS - CANILLEJAS","DATOS_MAYO_2017.xls",17,40,2,35,4,"2017-05-01",20
"TETUÁN","DATOS_MAYO_2017.xls",18,34,10,80,17,"2017-05-01",6
"TOTAL","DATOS_MAYO_2017.xls",597,954,157,1104,335,"2017-05-01",23
"USERA","DATOS_MAYO_2017.xls",14,49,1,23,5,"2017-05-01",12
"VICÁLVARO","DATOS_MAYO_2017.xls",7,21,3,13,3,"2017-05-01",19
"VILLA DE VALLECAS","DATOS_MAYO_2017.xls",14,34,9,40,63,"2017-05-01",18
"VILLAVERDE","DATOS_MAYO_2017.xls",29,42,3,43,6,"2017-05-01",17
"ARGANZUELA","DATOS_ JUNIO_2017.xlsx",35,60,1,38,8,"2017-06-01",2
"BARAJAS","DATOS_ JUNIO_2017.xlsx",17,16,4,4,0,"2017-06-01",21
"CARABANCHEL","DATOS_ JUNIO_2017.xlsx",39,60,10,30,1,"2017-06-01",11
"CENTRO","DATOS_ JUNIO_2017.xlsx",60,183,9,270,85,"2017-06-01",1
"CHAMARTÍN","DATOS_ JUNIO_2017.xlsx",11,30,5,16,2,"2017-06-01",5
"CHAMBERÍ","DATOS_ JUNIO_2017.xlsx",23,23,1,21,11,"2017-06-01",7
"CIUDAD LINEAL","DATOS_ JUNIO_2017.xlsx",31,18,1,72,1,"2017-06-01",15
"FUENCARRAL - EL PARDO","DATOS_ JUNIO_2017.xlsx",9,15,1,9,1,"2017-06-01",8
"HORTALEZA","DATOS_ JUNIO_2017.xlsx",26,12,23,33,20,"2017-06-01",16
"LATINA","DATOS_ JUNIO_2017.xlsx",18,43,5,17,5,"2017-06-01",10
"MONCLOA - ARAVACA","DATOS_ JUNIO_2017.xlsx",24,53,4,17,2,"2017-06-01",9
"MORATALAZ","DATOS_ JUNIO_2017.xlsx",8,15,5,29,3,"2017-06-01",14
"OTRAS ZONAS","DATOS_ JUNIO_2017.xlsx",0,0,0,0,0,"2017-06-01",22
"PUENTE DE VALLECAS","DATOS_ JUNIO_2017.xlsx",116,107,9,84,3,"2017-06-01",13
"RETIRO","DATOS_ JUNIO_2017.xlsx",16,9,5,32,2,"2017-06-01",3
"SALAMANCA","DATOS_ JUNIO_2017.xlsx",13,41,2,41,4,"2017-06-01",4
"SAN BLAS - CANILLEJAS","DATOS_ JUNIO_2017.xlsx",15,40,2,66,12,"2017-06-01",20
"TETUÁN","DATOS_ JUNIO_2017.xlsx",21,44,6,44,27,"2017-06-01",6
"TOTAL","DATOS_ JUNIO_2017.xlsx",595,934,101,941,252,"2017-06-01",23
"USERA","DATOS_ JUNIO_2017.xlsx",35,52,2,39,4,"2017-06-01",12
"VICÁLVARO","DATOS_ JUNIO_2017.xlsx",18,20,0,9,7,"2017-06-01",19
"VILLA DE VALLECAS","DATOS_ JUNIO_2017.xlsx",20,54,5,24,38,"2017-06-01",18
"VILLAVERDE","DATOS_ JUNIO_2017.xlsx",40,39,1,46,16,"2017-06-01",17
"ARGANZUELA","DATOS_ JULIO_2017.xlsx",49,180,2,82,12,"2017-07-01",2
"BARAJAS","DATOS_ JULIO_2017.xlsx",9,19,6,12,0,"2017-07-01",21
"CARABANCHEL","DATOS_ JULIO_2017.xlsx",41,29,3,30,2,"2017-07-01",11
"CENTRO","DATOS_ JULIO_2017.xlsx",47,207,15,257,119,"2017-07-01",1
"CHAMARTÍN","DATOS_ JULIO_2017.xlsx",15,20,3,6,0,"2017-07-01",5
"CHAMBERÍ","DATOS_ JULIO_2017.xlsx",14,23,0,19,0,"2017-07-01",7
"CIUDAD LINEAL","DATOS_ JULIO_2017.xlsx",37,14,6,27,0,"2017-07-01",15
"FUENCARRAL - EL PARDO","DATOS_ JULIO_2017.xlsx",19,18,2,23,6,"2017-07-01",8
"HORTALEZA","DATOS_ JULIO_2017.xlsx",17,23,0,2,4,"2017-07-01",16
"LATINA","DATOS_ JULIO_2017.xlsx",20,35,3,8,0,"2017-07-01",10
"MONCLOA - ARAVACA","DATOS_ JULIO_2017.xlsx",23,28,3,10,3,"2017-07-01",9
"MORATALAZ","DATOS_ JULIO_2017.xlsx",9,12,5,13,3,"2017-07-01",14
"OTRAS ZONAS","DATOS_ JULIO_2017.xlsx",0,0,0,0,0,"2017-07-01",22
"PUENTE DE VALLECAS","DATOS_ JULIO_2017.xlsx",166,87,10,123,4,"2017-07-01",13
"RETIRO","DATOS_ JULIO_2017.xlsx",9,15,1,12,1,"2017-07-01",3
"SALAMANCA","DATOS_ JULIO_2017.xlsx",7,35,3,84,21,"2017-07-01",4
"SAN BLAS - CANILLEJAS","DATOS_ JULIO_2017.xlsx",18,23,7,58,17,"2017-07-01",20
"TETUÁN","DATOS_ JULIO_2017.xlsx",24,41,12,74,11,"2017-07-01",6
"TOTAL","DATOS_ JULIO_2017.xlsx",598,956,94,921,243,"2017-07-01",23
"USERA","DATOS_ JULIO_2017.xlsx",29,63,5,28,1,"2017-07-01",12
"VICÁLVARO","DATOS_ JULIO_2017.xlsx",8,15,3,5,0,"2017-07-01",19
"VILLA DE VALLECAS","DATOS_ JULIO_2017.xlsx",8,28,3,31,22,"2017-07-01",18
"VILLAVERDE","DATOS_ JULIO_2017.xlsx",29,41,2,17,17,"2017-07-01",17
"ARGANZUELA","DATOS_AGOSTO_2017.xlsx",50,36,0,25,7,"2017-08-01",2
"BARAJAS","DATOS_AGOSTO_2017.xlsx",6,12,5,4,0,"2017-08-01",21
"CARABANCHEL","DATOS_AGOSTO_2017.xlsx",21,36,2,42,5,"2017-08-01",11
"CENTRO","DATOS_AGOSTO_2017.xlsx",43,139,7,166,85,"2017-08-01",1
"CHAMARTÍN","DATOS_AGOSTO_2017.xlsx",5,24,12,7,0,"2017-08-01",5
"CHAMBERÍ","DATOS_AGOSTO_2017.xlsx",8,14,1,17,3,"2017-08-01",7
"CIUDAD LINEAL","DATOS_AGOSTO_2017.xlsx",51,20,5,22,2,"2017-08-01",15
"FUENCARRAL - EL PARDO","DATOS_AGOSTO_2017.xlsx",17,19,5,8,2,"2017-08-01",8
"HORTALEZA","DATOS_AGOSTO_2017.xlsx",16,29,11,15,4,"2017-08-01",16
"LATINA","DATOS_AGOSTO_2017.xlsx",15,21,2,9,0,"2017-08-01",10
"MONCLOA - ARAVACA","DATOS_AGOSTO_2017.xlsx",21,29,0,8,2,"2017-08-01",9
"MORATALAZ","DATOS_AGOSTO_2017.xlsx",2,23,1,11,1,"2017-08-01",14
"OTRAS ZONAS","DATOS_AGOSTO_2017.xlsx",1,0,0,0,0,"2017-08-01",22
"PUENTE DE VALLECAS","DATOS_AGOSTO_2017.xlsx",72,62,9,62,1,"2017-08-01",13
"RETIRO","DATOS_AGOSTO_2017.xlsx",9,8,4,7,0,"2017-08-01",3
"SALAMANCA","DATOS_AGOSTO_2017.xlsx",7,24,1,22,8,"2017-08-01",4
"SAN BLAS - CANILLEJAS","DATOS_AGOSTO_2017.xlsx",16,29,3,23,3,"2017-08-01",20
"TETUÁN","DATOS_AGOSTO_2017.xlsx",32,31,1,27,1,"2017-08-01",6
"TOTAL","DATOS_AGOSTO_2017.xlsx",462,694,81,518,215,"2017-08-01",23
"USERA","DATOS_AGOSTO_2017.xlsx",30,39,4,9,0,"2017-08-01",12
"VICÁLVARO","DATOS_AGOSTO_2017.xlsx",12,18,0,12,3,"2017-08-01",19
"VILLA DE VALLECAS","DATOS_AGOSTO_2017.xlsx",7,33,5,13,81,"2017-08-01",18
"VILLAVERDE","DATOS_AGOSTO_2017.xlsx",21,48,3,9,7,"2017-08-01",17
"ARGANZUELA","DATOS_SEPTIEMBRE_2017.xlsx",33,43,10,22,16,"2017-09-01",2
"BARAJAS","DATOS_SEPTIEMBRE_2017.xlsx",12,15,1,57,12,"2017-09-01",21
"CARABANCHEL","DATOS_SEPTIEMBRE_2017.xlsx",20,36,5,62,6,"2017-09-01",11
"CENTRO","DATOS_SEPTIEMBRE_2017.xlsx",63,109,8,166,72,"2017-09-01",1
"CHAMARTÍN","DATOS_SEPTIEMBRE_2017.xlsx",8,13,6,26,4,"2017-09-01",5
"CHAMBERÍ","DATOS_SEPTIEMBRE_2017.xlsx",21,9,0,24,11,"2017-09-01",7
"CIUDAD LINEAL","DATOS_SEPTIEMBRE_2017.xlsx",67,19,6,80,5,"2017-09-01",15
"FUENCARRAL - EL PARDO","DATOS_SEPTIEMBRE_2017.xlsx",15,12,1,8,2,"2017-09-01",8
"HORTALEZA","DATOS_SEPTIEMBRE_2017.xlsx",15,25,6,21,4,"2017-09-01",16
"LATINA","DATOS_SEPTIEMBRE_2017.xlsx",12,26,1,11,2,"2017-09-01",10
"MONCLOA - ARAVACA","DATOS_SEPTIEMBRE_2017.xlsx",13,56,0,21,3,"2017-09-01",9
"MORATALAZ","DATOS_SEPTIEMBRE_2017.xlsx",3,11,3,25,0,"2017-09-01",14
"OTRAS ZONAS","DATOS_SEPTIEMBRE_2017.xlsx",0,5,0,0,0,"2017-09-01",22
"PUENTE DE VALLECAS","DATOS_SEPTIEMBRE_2017.xlsx",89,72,23,70,4,"2017-09-01",13
"RETIRO","DATOS_SEPTIEMBRE_2017.xlsx",4,14,3,9,2,"2017-09-01",3
"SALAMANCA","DATOS_SEPTIEMBRE_2017.xlsx",7,32,6,48,8,"2017-09-01",4
"SAN BLAS - CANILLEJAS","DATOS_SEPTIEMBRE_2017.xlsx",11,25,5,29,5,"2017-09-01",20
"TETUÁN","DATOS_SEPTIEMBRE_2017.xlsx",12,23,5,39,10,"2017-09-01",6
"TOTAL","DATOS_SEPTIEMBRE_2017.xlsx",497,671,121,783,194,"2017-09-01",23
"USERA","DATOS_SEPTIEMBRE_2017.xlsx",31,39,20,24,4,"2017-09-01",12
"VICÁLVARO","DATOS_SEPTIEMBRE_2017.xlsx",12,17,2,9,1,"2017-09-01",19
"VILLA DE VALLECAS","DATOS_SEPTIEMBRE_2017.xlsx",25,20,9,13,20,"2017-09-01",18
"VILLAVERDE","DATOS_SEPTIEMBRE_2017.xlsx",24,50,1,19,3,"2017-09-01",17
"ARGANZUELA","DATOS_OCTUBRE_2017.xlsx",57,22,1,20,5,"2017-10-01",2
"BARAJAS","DATOS_OCTUBRE_2017.xlsx",13,19,1,15,2,"2017-10-01",21
"CARABANCHEL","DATOS_OCTUBRE_2017.xlsx",43,45,1,37,10,"2017-10-01",11
"CENTRO","DATOS_OCTUBRE_2017.xlsx",64,158,4,251,84,"2017-10-01",1
"CHAMARTÍN","DATOS_OCTUBRE_2017.xlsx",11,26,3,25,6,"2017-10-01",5
"CHAMBERÍ","DATOS_OCTUBRE_2017.xlsx",15,13,3,16,12,"2017-10-01",7
"CIUDAD LINEAL","DATOS_OCTUBRE_2017.xlsx",79,17,6,43,1,"2017-10-01",15
"FUENCARRAL - EL PARDO","DATOS_OCTUBRE_2017.xlsx",23,24,10,151,12,"2017-10-01",8
"HORTALEZA","DATOS_OCTUBRE_2017.xlsx",7,17,8,17,4,"2017-10-01",16
"LATINA","DATOS_OCTUBRE_2017.xlsx",20,25,2,19,2,"2017-10-01",10
"MONCLOA - ARAVACA","DATOS_OCTUBRE_2017.xlsx",25,40,0,50,18,"2017-10-01",9
"MORATALAZ","DATOS_OCTUBRE_2017.xlsx",8,19,10,24,0,"2017-10-01",14
"OTRAS ZONAS","DATOS_OCTUBRE_2017.xlsx",0,2,0,0,0,"2017-10-01",22
"PUENTE DE VALLECAS","DATOS_OCTUBRE_2017.xlsx",101,85,20,107,2,"2017-10-01",13
"RETIRO","DATOS_OCTUBRE_2017.xlsx",3,21,0,13,3,"2017-10-01",3
"SALAMANCA","DATOS_OCTUBRE_2017.xlsx",9,30,1,41,5,"2017-10-01",4
"SAN BLAS - CANILLEJAS","DATOS_OCTUBRE_2017.xlsx",23,28,0,17,3,"2017-10-01",20
"TETUÁN","DATOS_OCTUBRE_2017.xlsx",26,30,4,63,18,"2017-10-01",6
"TOTAL","DATOS_OCTUBRE_2017.xlsx",622,757,87,1009,239,"2017-10-01",23
"USERA","DATOS_OCTUBRE_2017.xlsx",32,50,7,9,2,"2017-10-01",12
"VICÁLVARO","DATOS_OCTUBRE_2017.xlsx",9,14,3,15,3,"2017-10-01",19
"VILLA DE VALLECAS","DATOS_OCTUBRE_2017.xlsx",28,27,0,19,40,"2017-10-01",18
"VILLAVERDE","DATOS_OCTUBRE_2017.xlsx",26,45,3,57,7,"2017-10-01",17
"ARGANZUELA","DATOS_ NOVIEMBRE 2017.xlsx",34,35,1,10,5,"2017-11-01",2
"BARAJAS","DATOS_ NOVIEMBRE 2017.xlsx",12,21,0,3,0,"2017-11-01",21
"CARABANCHEL","DATOS_ NOVIEMBRE 2017.xlsx",34,43,8,46,7,"2017-11-01",11
"CENTRO","DATOS_ NOVIEMBRE 2017.xlsx",74,170,12,207,74,"2017-11-01",1
"CHAMARTÍN","DATOS_ NOVIEMBRE 2017.xlsx",12,19,2,18,2,"2017-11-01",5
"CHAMBERÍ","DATOS_ NOVIEMBRE 2017.xlsx",13,13,2,36,13,"2017-11-01",7
"CIUDAD LINEAL","DATOS_ NOVIEMBRE 2017.xlsx",51,10,3,41,4,"2017-11-01",15
"FUENCARRAL - EL PARDO","DATOS_ NOVIEMBRE 2017.xlsx",11,15,0,6,0,"2017-11-01",8
"HORTALEZA","DATOS_ NOVIEMBRE 2017.xlsx",15,16,2,13,0,"2017-11-01",16
"LATINA","DATOS_ NOVIEMBRE 2017.xlsx",15,29,4,21,4,"2017-11-01",10
"MONCLOA - ARAVACA","DATOS_ NOVIEMBRE 2017.xlsx",20,31,0,21,1,"2017-11-01",9
"MORATALAZ","DATOS_ NOVIEMBRE 2017.xlsx",13,15,2,19,2,"2017-11-01",14
"OTRAS ZONAS","DATOS_ NOVIEMBRE 2017.xlsx",0,0,0,0,0,"2017-11-01",22
"PUENTE DE VALLECAS","DATOS_ NOVIEMBRE 2017.xlsx",83,62,14,90,1,"2017-11-01",13
"RETIRO","DATOS_ NOVIEMBRE 2017.xlsx",11,8,1,4,9,"2017-11-01",3
"SALAMANCA","DATOS_ NOVIEMBRE 2017.xlsx",10,34,0,23,16,"2017-11-01",4
"SAN BLAS - CANILLEJAS","DATOS_ NOVIEMBRE 2017.xlsx",13,22,1,37,8,"2017-11-01",20
"TETUÁN","DATOS_ NOVIEMBRE 2017.xlsx",15,31,18,74,20,"2017-11-01",6
"TOTAL","DATOS_ NOVIEMBRE 2017.xlsx",496,693,79,719,242,"2017-11-01",23
"USERA","DATOS_ NOVIEMBRE 2017.xlsx",16,45,1,7,1,"2017-11-01",12
"VICÁLVARO","DATOS_ NOVIEMBRE 2017.xlsx",7,11,0,10,1,"2017-11-01",19
"VILLA DE VALLECAS","DATOS_ NOVIEMBRE 2017.xlsx",18,27,6,17,72,"2017-11-01",18
"VILLAVERDE","DATOS_ NOVIEMBRE 2017.xlsx",19,36,2,16,2,"2017-11-01",17
"ARGANZUELA","DATOS_DICIEMBRE_2017.xlsx",46,21,0,5,1,"2017-12-01",2
"BARAJAS","DATOS_DICIEMBRE_2017.xlsx",10,21,1,4,0,"2017-12-01",21
"CARABANCHEL","DATOS_DICIEMBRE_2017.xlsx",38,52,9,39,7,"2017-12-01",11
"CENTRO","DATOS_DICIEMBRE_2017.xlsx",84,180,314,214,64,"2017-12-01",1
"CHAMARTÍN","DATOS_DICIEMBRE_2017.xlsx",13,23,0,11,2,"2017-12-01",5
"CHAMBERÍ","DATOS_DICIEMBRE_2017.xlsx",29,18,2,23,10,"2017-12-01",7
"CIUDAD LINEAL","DATOS_DICIEMBRE_2017.xlsx",99,24,6,61,2,"2017-12-01",15
"FUENCARRAL - EL PARDO","DATOS_DICIEMBRE_2017.xlsx",19,18,1,5,0,"2017-12-01",8
"HORTALEZA","DATOS_DICIEMBRE_2017.xlsx",11,29,0,12,0,"2017-12-01",16
"LATINA","DATOS_DICIEMBRE_2017.xlsx",16,26,4,14,5,"2017-12-01",10
"MONCLOA - ARAVACA","DATOS_DICIEMBRE_2017.xlsx",26,31,3,8,2,"2017-12-01",9
"MORATALAZ","DATOS_DICIEMBRE_2017.xlsx",3,17,4,28,1,"2017-12-01",14
"OTRAS ZONAS","DATOS_DICIEMBRE_2017.xlsx",0,0,0,0,0,"2017-12-01",22
"PUENTE DE VALLECAS","DATOS_DICIEMBRE_2017.xlsx",91,58,39,104,3,"2017-12-01",13
"RETIRO","DATOS_DICIEMBRE_2017.xlsx",10,10,1,5,0,"2017-12-01",3
"SALAMANCA","DATOS_DICIEMBRE_2017.xlsx",11,57,2,40,5,"2017-12-01",4
"SAN BLAS - CANILLEJAS","DATOS_DICIEMBRE_2017.xlsx",8,33,1,21,12,"2017-12-01",20
"TETUÁN","DATOS_DICIEMBRE_2017.xlsx",29,39,55,65,29,"2017-12-01",6
"TOTAL","DATOS_DICIEMBRE_2017.xlsx",611,773,485,706,208,"2017-12-01",23
"USERA","DATOS_DICIEMBRE_2017.xlsx",22,46,18,10,0,"2017-12-01",12
"VICÁLVARO","DATOS_DICIEMBRE_2017.xlsx",14,8,11,12,3,"2017-12-01",19
"VILLA DE VALLECAS","DATOS_DICIEMBRE_2017.xlsx",14,28,6,7,60,"2017-12-01",18
"VILLAVERDE","DATOS_DICIEMBRE_2017.xlsx",18,34,8,18,2,"2017-12-01",17
"ARGANZUELA","DATOS_ENERO_2018.xlsx",1,1,3,2,2,"2018-01-01",2
"BARAJAS","DATOS_ENERO_2018.xlsx",0,0,0,0,0,"2018-01-01",21
"CARABANCHEL","DATOS_ENERO_2018.xlsx",8,4,4,23,2,"2018-01-01",11
"CENTRO","DATOS_ENERO_2018.xlsx",18,49,8,140,56,"2018-01-01",1
"CHAMARTÍN","DATOS_ENERO_2018.xlsx",0,7,0,11,4,"2018-01-01",5
"CHAMBERÍ","DATOS_ENERO_2018.xlsx",3,1,1,41,21,"2018-01-01",7
"CIUDAD LINEAL","DATOS_ENERO_2018.xlsx",0,0,1,20,8,"2018-01-01",15
"FUENCARRAL - EL PARDO","DATOS_ENERO_2018.xlsx",0,0,1,7,1,"2018-01-01",8
"HORTALEZA","DATOS_ENERO_2018.xlsx",11,17,0,4,4,"2018-01-01",16
"LATINA","DATOS_ENERO_2018.xlsx",1,1,0,3,0,"2018-01-01",10
"MONCLOA - ARAVACA","DATOS_ENERO_2018.xlsx",4,10,1,10,1,"2018-01-01",9
"MORATALAZ","DATOS_ENERO_2018.xlsx",0,1,1,11,6,"2018-01-01",14
"PUENTE DE VALLECAS","DATOS_ENERO_2018.xlsx",4,11,10,37,24,"2018-01-01",13
"RETIRO","DATOS_ENERO_2018.xlsx",0,0,0,11,0,"2018-01-01",3
"SALAMANCA","DATOS_ENERO_2018.xlsx",3,7,1,30,6,"2018-01-01",4
"SAN BLAS - CANILLEJAS","DATOS_ENERO_2018.xlsx",5,16,2,40,8,"2018-01-01",20
"SIN DISTRITO ASIGNADO","DATOS_ENERO_2018.xlsx",309,359,11,65,46,"2018-01-01",24
"TETUÁN","DATOS_ENERO_2018.xlsx",3,3,1,24,2,"2018-01-01",6
"TOTAL","DATOS_ENERO_2018.xlsx",378,503,58,539,197,"2018-01-01",23
"USERA","DATOS_ENERO_2018.xlsx",4,5,4,5,0,"2018-01-01",12
"VICÁLVARO","DATOS_ENERO_2018.xlsx",0,0,1,4,0,"2018-01-01",19
"VILLA DE VALLECAS","DATOS_ENERO_2018.xlsx",0,6,3,18,1,"2018-01-01",18
"VILLAVERDE","DATOS_ENERO_2018.xlsx",4,5,5,33,5,"2018-01-01",17
"ARGANZUELA","DATOS_FEBRERO_2018.xlsx",0,0,0,6,0,"2018-02-01",2
"BARAJAS","DATOS_FEBRERO_2018.xlsx",1,1,0,1,1,"2018-02-01",21
"CARABANCHEL","DATOS_FEBRERO_2018.xlsx",13,9,1,26,2,"2018-02-01",11
"CENTRO","DATOS_FEBRERO_2018.xlsx",15,27,1,109,54,"2018-02-01",1
"CHAMARTÍN","DATOS_FEBRERO_2018.xlsx",2,9,0,12,5,"2018-02-01",5
"CHAMBERÍ","DATOS_FEBRERO_2018.xlsx",5,7,1,14,2,"2018-02-01",7
"CIUDAD LINEAL","DATOS_FEBRERO_2018.xlsx",1,0,1,12,4,"2018-02-01",15
"FUENCARRAL - EL PARDO","DATOS_FEBRERO_2018.xlsx",0,0,0,6,3,"2018-02-01",8
"HORTALEZA","DATOS_FEBRERO_2018.xlsx",8,10,5,10,5,"2018-02-01",16
"LATINA","DATOS_FEBRERO_2018.xlsx",0,4,3,14,4,"2018-02-01",10
"MONCLOA - ARAVACA","DATOS_FEBRERO_2018.xlsx",5,4,0,1,7,"2018-02-01",9
"MORATALAZ","DATOS_FEBRERO_2018.xlsx",2,0,2,6,4,"2018-02-01",14
"PUENTE DE VALLECAS","DATOS_FEBRERO_2018.xlsx",5,11,4,43,14,"2018-02-01",13
"RETIRO","DATOS_FEBRERO_2018.xlsx",1,4,0,7,2,"2018-02-01",3
"SALAMANCA","DATOS_FEBRERO_2018.xlsx",8,7,0,12,4,"2018-02-01",4
"SAN BLAS - CANILLEJAS","DATOS_FEBRERO_2018.xlsx",10,7,1,28,4,"2018-02-01",20
"SIN DISTRITO ASIGNADO","DATOS_FEBRERO_2018.xlsx",327,429,14,80,38,"2018-02-01",24
"TETUÁN","DATOS_FEBRERO_2018.xlsx",1,1,2,51,3,"2018-02-01",6
"TOTAL","DATOS_FEBRERO_2018.xlsx",407,545,42,491,202,"2018-02-01",23
"USERA","DATOS_FEBRERO_2018.xlsx",0,0,0,1,1,"2018-02-01",12
"VICÁLVARO","DATOS_FEBRERO_2018.xlsx",0,0,5,9,5,"2018-02-01",19
"VILLA DE VALLECAS","DATOS_FEBRERO_2018.xlsx",0,3,0,8,36,"2018-02-01",18
"VILLAVERDE","DATOS_FEBRERO_2018.xlsx",3,12,2,35,4,"2018-02-01",17
"ARGANZUELA","DATOS_MARZO_2018.xlsx",2,1,1,8,3,"2018-03-01",2
"BARAJAS","DATOS_MARZO_2018.xlsx",2,2,0,1,0,"2018-03-01",21
"CARABANCHEL","DATOS_MARZO_2018.xlsx",8,10,4,14,7,"2018-03-01",11
"CENTRO","DATOS_MARZO_2018.xlsx",12,22,4,129,72,"2018-03-01",1
"CHAMARTÍN","DATOS_MARZO_2018.xlsx",1,10,0,42,1,"2018-03-01",5
"CHAMBERÍ","DATOS_MARZO_2018.xlsx",3,4,0,27,2,"2018-03-01",7
"CIUDAD LINEAL","DATOS_MARZO_2018.xlsx",0,0,0,2,2,"2018-03-01",15
"FUENCARRAL - EL PARDO","DATOS_MARZO_2018.xlsx",2,0,0,10,0,"2018-03-01",8
"HORTALEZA","DATOS_MARZO_2018.xlsx",7,19,1,12,0,"2018-03-01",16
"LATINA","DATOS_MARZO_2018.xlsx",1,0,4,21,0,"2018-03-01",10
"MONCLOA - ARAVACA","DATOS_MARZO_2018.xlsx",2,4,1,2,8,"2018-03-01",9
"MORATALAZ","DATOS_MARZO_2018.xlsx",1,1,1,5,4,"2018-03-01",14
"PUENTE DE VALLECAS","DATOS_MARZO_2018.xlsx",10,11,5,57,22,"2018-03-01",13
"RETIRO","DATOS_MARZO_2018.xlsx",2,0,0,2,0,"2018-03-01",3
"SALAMANCA","DATOS_MARZO_2018.xlsx",15,32,4,26,7,"2018-03-01",4
"SAN BLAS - CANILLEJAS","DATOS_MARZO_2018.xlsx",13,16,3,23,3,"2018-03-01",20
"SIN DISTRITO ASIGNADO","DATOS_MARZO_2018.xlsx",393,446,22,86,27,"2018-03-01",24
"TETUÁN","DATOS_MARZO_2018.xlsx",6,7,2,39,1,"2018-03-01",6
"TOTAL","DATOS_MARZO_2018.xlsx",487,603,58,567,281,"2018-03-01",23
"USERA","DATOS_MARZO_2018.xlsx",1,2,0,9,1,"2018-03-01",12
"VICÁLVARO","DATOS_MARZO_2018.xlsx",0,0,2,10,1,"2018-03-01",19
"VILLA DE VALLECAS","DATOS_MARZO_2018.xlsx",1,5,2,18,119,"2018-03-01",18
"VILLAVERDE","DATOS_MARZO_2018.xlsx",5,11,2,24,1,"2018-03-01",17
"ARGANZUELA","DATOS_ABRIL_2018.xlsx",7,6,0,12,2,"2018-04-01",2
"BARAJAS","DATOS_ABRIL_2018.xlsx",3,5,0,1,0,"2018-04-01",21
"CARABANCHEL","DATOS_ABRIL_2018.xlsx",6,12,0,11,2,"2018-04-01",11
"CENTRO","DATOS_ABRIL_2018.xlsx",13,52,2,149,66,"2018-04-01",1
"CHAMARTÍN","DATOS_ABRIL_2018.xlsx",3,6,0,8,5,"2018-04-01",5
"CHAMBERÍ","DATOS_ABRIL_2018.xlsx",8,9,0,20,2,"2018-04-01",7
"CIUDAD LINEAL","DATOS_ABRIL_2018.xlsx",9,4,1,9,1,"2018-04-01",15
"FUENCARRAL - EL PARDO","DATOS_ABRIL_2018.xlsx",0,1,0,22,0,"2018-04-01",8
"HORTALEZA","DATOS_ABRIL_2018.xlsx",13,4,1,15,4,"2018-04-01",16
"LATINA","DATOS_ABRIL_2018.xlsx",4,5,7,21,11,"2018-04-01",10
"MONCLOA - ARAVACA","DATOS_ABRIL_2018.xlsx",3,4,0,4,5,"2018-04-01",9
"MORATALAZ","DATOS_ABRIL_2018.xlsx",2,5,1,21,7,"2018-04-01",14
"PUENTE DE VALLECAS","DATOS_ABRIL_2018.xlsx",8,7,0,59,12,"2018-04-01",13
"RETIRO","DATOS_ABRIL_2018.xlsx",3,1,1,8,2,"2018-04-01",3
"SALAMANCA","DATOS_ABRIL_2018.xlsx",20,37,1,10,5,"2018-04-01",4
"SAN BLAS - CANILLEJAS","DATOS_ABRIL_2018.xlsx",2,13,1,21,2,"2018-04-01",20
"SIN DISTRITO ASIGNADO","DATOS_ABRIL_2018.xlsx",370,482,12,74,42,"2018-04-01",24
"TETUÁN","DATOS_ABRIL_2018.xlsx",6,4,1,23,1,"2018-04-01",6
"TOTAL","DATOS_ABRIL_2018.xlsx",503,689,30,535,283,"2018-04-01",23
"USERA","DATOS_ABRIL_2018.xlsx",13,9,0,9,1,"2018-04-01",12
"VICÁLVARO","DATOS_ABRIL_2018.xlsx",1,2,1,5,3,"2018-04-01",19
"VILLA DE VALLECAS","DATOS_ABRIL_2018.xlsx",0,7,1,20,109,"2018-04-01",18
"VILLAVERDE","DATOS_ABRIL_2018.xlsx",9,14,0,13,1,"2018-04-01",17
"ARGANZUELA","DATOS_MAYO_2018.xlsx",10,15,2,26,6,"2018-05-01",2
"BARAJAS","DATOS_MAYO_2018.xlsx",3,12,1,2,0,"2018-05-01",21
"CARABANCHEL","DATOS_MAYO_2018.xlsx",25,17,4,40,9,"2018-05-01",11
"CENTRO","DATOS_MAYO_2018.xlsx",51,79,6,170,83,"2018-05-01",1
"CHAMARTÍN","DATOS_MAYO_2018.xlsx",7,24,1,17,2,"2018-05-01",5
"CHAMBERÍ","DATOS_MAYO_2018.xlsx",11,7,0,18,14,"2018-05-01",7
"CIUDAD LINEAL","DATOS_MAYO_2018.xlsx",17,13,2,24,2,"2018-05-01",15
"FUENCARRAL - EL PARDO","DATOS_MAYO_2018.xlsx",0,2,4,139,7,"2018-05-01",8
"HORTALEZA","DATOS_MAYO_2018.xlsx",19,13,2,16,5,"2018-05-01",16
"LATINA","DATOS_MAYO_2018.xlsx",8,10,7,79,15,"2018-05-01",10
"MONCLOA - ARAVACA","DATOS_MAYO_2018.xlsx",9,8,0,15,19,"2018-05-01",9
"MORATALAZ","DATOS_MAYO_2018.xlsx",2,5,0,12,1,"2018-05-01",14
"PUENTE DE VALLECAS","DATOS_MAYO_2018.xlsx",16,19,1,43,13,"2018-05-01",13
"RETIRO","DATOS_MAYO_2018.xlsx",3,8,0,11,4,"2018-05-01",3
"SALAMANCA","DATOS_MAYO_2018.xlsx",7,34,1,13,3,"2018-05-01",4
"SAN BLAS - CANILLEJAS","DATOS_MAYO_2018.xlsx",9,17,2,25,4,"2018-05-01",20
"SIN DISTRITO ASIGNADO","DATOS_MAYO_2018.xlsx",169,210,2,36,10,"2018-05-01",24
"TETUÁN","DATOS_MAYO_2018.xlsx",16,9,0,21,2,"2018-05-01",6
"TOTAL","DATOS_MAYO_2018.xlsx",409,543,43,790,276,"2018-05-01",23
"USERA","DATOS_MAYO_2018.xlsx",9,15,4,18,3,"2018-05-01",12
"VICÁLVARO","DATOS_MAYO_2018.xlsx",0,1,1,13,3,"2018-05-01",19
"VILLA DE VALLECAS","DATOS_MAYO_2018.xlsx",2,4,3,25,65,"2018-05-01",18
"VILLAVERDE","DATOS_MAYO_2018.xlsx",16,21,0,27,6,"2018-05-01",17
"ARGANZUELA","DATOS_JUNIO_2018.xlsx",1,10,0,10,3,"2018-06-01",2
"BARAJAS","DATOS_JUNIO_2018.xlsx",15,11,0,2,0,"2018-06-01",21
"CARABANCHEL","DATOS_JUNIO_2018.xlsx",29,19,1,16,0,"2018-06-01",11
"CENTRO","DATOS_JUNIO_2018.xlsx",49,74,12,119,43,"2018-06-01",1
"CHAMARTÍN","DATOS_JUNIO_2018.xlsx",14,13,0,6,4,"2018-06-01",5
"CHAMBERÍ","DATOS_JUNIO_2018.xlsx",7,4,0,7,3,"2018-06-01",7
"CIUDAD LINEAL","DATOS_JUNIO_2018.xlsx",37,14,1,5,2,"2018-06-01",15
"FUENCARRAL - EL PARDO","DATOS_JUNIO_2018.xlsx",4,0,0,15,0,"2018-06-01",8
"HORTALEZA","DATOS_JUNIO_2018.xlsx",16,13,3,22,15,"2018-06-01",16
"LATINA","DATOS_JUNIO_2018.xlsx",11,8,2,37,4,"2018-06-01",10
"MONCLOA - ARAVACA","DATOS_JUNIO_2018.xlsx",5,8,0,14,0,"2018-06-01",9
"MORATALAZ","DATOS_JUNIO_2018.xlsx",4,6,0,16,4,"2018-06-01",14
"PUENTE DE VALLECAS","DATOS_JUNIO_2018.xlsx",18,28,3,25,11,"2018-06-01",13
"RETIRO","DATOS_JUNIO_2018.xlsx",5,10,0,7,2,"2018-06-01",3
"SALAMANCA","DATOS_JUNIO_2018.xlsx",7,41,1,15,1,"2018-06-01",4
"SAN BLAS - CANILLEJAS","DATOS_JUNIO_2018.xlsx",8,18,6,18,1,"2018-06-01",20
"SIN DISTRITO ASIGNADO","DATOS_JUNIO_2018.xlsx",202,189,4,49,23,"2018-06-01",24
"TETUÁN","DATOS_JUNIO_2018.xlsx",16,12,0,42,1,"2018-06-01",6
"TOTAL","DATOS_JUNIO_2018.xlsx",480,508,37,522,166,"2018-06-01",23
"USERA","DATOS_JUNIO_2018.xlsx",8,14,0,12,0,"2018-06-01",12
"VICÁLVARO","DATOS_JUNIO_2018.xlsx",0,0,1,21,9,"2018-06-01",19
"VILLA DE VALLECAS","DATOS_JUNIO_2018.xlsx",4,3,2,34,33,"2018-06-01",18
"VILLAVERDE","DATOS_JUNIO_2018.xlsx",20,13,1,30,7,"2018-06-01",17
"ARGANZUELA","DATOS_JULIO_2018.xlsx",6,4,0,7,2,"2018-07-01",2
"BARAJAS","DATOS_JULIO_2018.xlsx",14,18,1,0,0,"2018-07-01",21
"CARABANCHEL","DATOS_JULIO_2018.xlsx",14,11,1,14,2,"2018-07-01",11
"CENTRO","DATOS_JULIO_2018.xlsx",39,52,2,57,13,"2018-07-01",1
"CHAMARTÍN","DATOS_JULIO_2018.xlsx",6,13,1,3,1,"2018-07-01",5
"CHAMBERÍ","DATOS_JULIO_2018.xlsx",3,5,0,6,0,"2018-07-01",7
"CIUDAD LINEAL","DATOS_JULIO_2018.xlsx",25,9,3,1,0,"2018-07-01",15
"FUENCARRAL - EL PARDO","DATOS_JULIO_2018.xlsx",6,0,1,4,1,"2018-07-01",8
"HORTALEZA","DATOS_JULIO_2018.xlsx",6,13,2,6,2,"2018-07-01",16
"LATINA","DATOS_JULIO_2018.xlsx",4,4,1,2,1,"2018-07-01",10
"MONCLOA - ARAVACA","DATOS_JULIO_2018.xlsx",5,7,1,4,1,"2018-07-01",9
"MORATALAZ","DATOS_JULIO_2018.xlsx",8,3,0,2,0,"2018-07-01",14
"PUENTE DE VALLECAS","DATOS_JULIO_2018.xlsx",17,19,0,36,6,"2018-07-01",13
"RETIRO","DATOS_JULIO_2018.xlsx",10,8,1,7,2,"2018-07-01",3
"SALAMANCA","DATOS_JULIO_2018.xlsx",13,25,0,4,0,"2018-07-01",4
"SAN BLAS - CANILLEJAS","DATOS_JULIO_2018.xlsx",11,17,0,10,1,"2018-07-01",20
"SIN DISTRITO ASIGNADO","DATOS_JULIO_2018.xlsx",255,218,10,18,9,"2018-07-01",24
"TETUÁN","DATOS_JULIO_2018.xlsx",14,16,0,8,2,"2018-07-01",6
"TOTAL","DATOS_JULIO_2018.xlsx",479,470,28,232,53,"2018-07-01",23
"USERA","DATOS_JULIO_2018.xlsx",5,5,0,1,1,"2018-07-01",12
"VICÁLVARO","DATOS_JULIO_2018.xlsx",0,0,0,0,0,"2018-07-01",19
"VILLA DE VALLECAS","DATOS_JULIO_2018.xlsx",0,4,4,23,0,"2018-07-01",18
"VILLAVERDE","DATOS_JULIO_2018.xlsx",18,19,0,19,9,"2018-07-01",17
"ARGANZUELA","DATOS_AGOSTO_2018.xlsx",5,8,2,18,2,"2018-08-01",2
"BARAJAS","DATOS_AGOSTO_2018.xlsx",5,14,1,0,0,"2018-08-01",21
"CARABANCHEL","DATOS_AGOSTO_2018.xlsx",19,15,2,5,1,"2018-08-01",11
"CENTRO","DATOS_AGOSTO_2018.xlsx",48,42,8,115,40,"2018-08-01",1
"CHAMARTÍN","DATOS_AGOSTO_2018.xlsx",6,19,0,7,1,"2018-08-01",5
"CHAMBERÍ","DATOS_AGOSTO_2018.xlsx",5,10,1,6,1,"2018-08-01",7
"CIUDAD LINEAL","DATOS_AGOSTO_2018.xlsx",12,10,3,3,4,"2018-08-01",15
"FUENCARRAL - EL PARDO","DATOS_AGOSTO_2018.xlsx",1,2,0,3,0,"2018-08-01",8
"HORTALEZA","DATOS_AGOSTO_2018.xlsx",12,12,0,3,2,"2018-08-01",16
"LATINA","DATOS_AGOSTO_2018.xlsx",7,11,0,20,4,"2018-08-01",10
"MONCLOA - ARAVACA","DATOS_AGOSTO_2018.xlsx",5,4,0,5,0,"2018-08-01",9
"MORATALAZ","DATOS_AGOSTO_2018.xlsx",6,3,2,2,0,"2018-08-01",14
"PUENTE DE VALLECAS","DATOS_AGOSTO_2018.xlsx",20,18,9,30,4,"2018-08-01",13
"RETIRO","DATOS_AGOSTO_2018.xlsx",3,3,2,5,1,"2018-08-01",3
"SALAMANCA","DATOS_AGOSTO_2018.xlsx",1,24,0,11,2,"2018-08-01",4
"SAN BLAS - CANILLEJAS","DATOS_AGOSTO_2018.xlsx",7,25,1,4,0,"2018-08-01",20
"SIN DISTRITO ASIGNADO","DATOS_AGOSTO_2018.xlsx",216,201,2,39,9,"2018-08-01",24
"TETUÁN","DATOS_AGOSTO_2018.xlsx",9,13,0,24,3,"2018-08-01",6
"TOTAL","DATOS_AGOSTO_2018.xlsx",418,470,41,368,83,"2018-08-01",23
"USERA","DATOS_AGOSTO_2018.xlsx",8,2,2,4,1,"2018-08-01",12
"VICÁLVARO","DATOS_AGOSTO_2018.xlsx",0,0,0,4,0,"2018-08-01",19
"VILLA DE VALLECAS","DATOS_AGOSTO_2018.xlsx",5,13,3,18,7,"2018-08-01",18
"VILLAVERDE","DATOS_AGOSTO_2018.xlsx",18,21,3,42,1,"2018-08-01",17
"ARGANZUELA","DATOS_SEPTIEMBRE_2018.xlsx",12,3,0,5,4,"2018-09-01",2
"BARAJAS","DATOS_SEPTIEMBRE_2018.xlsx",10,9,1,6,1,"2018-09-01",21
"CARABANCHEL","DATOS_SEPTIEMBRE_2018.xlsx",12,8,2,23,5,"2018-09-01",11
"CENTRO","DATOS_SEPTIEMBRE_2018.xlsx",58,50,2,122,38,"2018-09-01",1
"CHAMARTÍN","DATOS_SEPTIEMBRE_2018.xlsx",13,12,0,41,12,"2018-09-01",5
"CHAMBERÍ","DATOS_SEPTIEMBRE_2018.xlsx",7,5,0,9,5,"2018-09-01",7
"CIUDAD LINEAL","DATOS_SEPTIEMBRE_2018.xlsx",27,9,1,27,3,"2018-09-01",15
"FUENCARRAL - EL PARDO","DATOS_SEPTIEMBRE_2018.xlsx",8,3,1,10,0,"2018-09-01",8
"HORTALEZA","DATOS_SEPTIEMBRE_2018.xlsx",10,7,4,14,7,"2018-09-01",16
"LATINA","DATOS_SEPTIEMBRE_2018.xlsx",7,5,2,17,0,"2018-09-01",10
"MONCLOA - ARAVACA","DATOS_SEPTIEMBRE_2018.xlsx",3,6,2,13,0,"2018-09-01",9
"MORATALAZ","DATOS_SEPTIEMBRE_2018.xlsx",5,8,3,19,1,"2018-09-01",14
"PUENTE DE VALLECAS","DATOS_SEPTIEMBRE_2018.xlsx",16,19,11,47,12,"2018-09-01",13
"RETIRO","DATOS_SEPTIEMBRE_2018.xlsx",13,9,2,2,1,"2018-09-01",3
"SALAMANCA","DATOS_SEPTIEMBRE_2018.xlsx",11,29,1,20,0,"2018-09-01",4
"SAN BLAS - CANILLEJAS","DATOS_SEPTIEMBRE_2018.xlsx",12,18,2,14,4,"2018-09-01",20
"SIN DISTRITO ASIGNADO","DATOS_SEPTIEMBRE_2018.xlsx",213,188,6,70,15,"2018-09-01",24
"TETUÁN","DATOS_SEPTIEMBRE_2018.xlsx",24,9,0,19,1,"2018-09-01",6
"TOTAL","DATOS_SEPTIEMBRE_2018.xlsx",496,437,52,583,127,"2018-09-01",23
"USERA","DATOS_SEPTIEMBRE_2018.xlsx",8,13,2,11,3,"2018-09-01",12
"VICÁLVARO","DATOS_SEPTIEMBRE_2018.xlsx",1,1,1,14,2,"2018-09-01",19
"VILLA DE VALLECAS","DATOS_SEPTIEMBRE_2018.xlsx",4,10,9,40,6,"2018-09-01",18
"VILLAVERDE","DATOS_SEPTIEMBRE_2018.xlsx",22,16,0,40,7,"2018-09-01",17
"ARGANZUELA","DATOS_OCTUBRE_2018.xlsx",7,4,1,5,4,"2018-10-01",2
"BARAJAS","DATOS_OCTUBRE_2018.xlsx",3,11,0,0,0,"2018-10-01",21
"CARABANCHEL","DATOS_OCTUBRE_2018.xlsx",15,10,6,30,7,"2018-10-01",11
"CENTRO","DATOS_OCTUBRE_2018.xlsx",31,45,2,150,60,"2018-10-01",1
"CHAMARTÍN","DATOS_OCTUBRE_2018.xlsx",15,23,0,13,2,"2018-10-01",5
"CHAMBERÍ","DATOS_OCTUBRE_2018.xlsx",5,4,0,18,3,"2018-10-01",7
"CIUDAD LINEAL","DATOS_OCTUBRE_2018.xlsx",18,12,1,21,0,"2018-10-01",15
"FUENCARRAL - EL PARDO","DATOS_OCTUBRE_2018.xlsx",4,3,4,91,16,"2018-10-01",8
"HORTALEZA","DATOS_OCTUBRE_2018.xlsx",9,6,4,9,13,"2018-10-01",16
"LATINA","DATOS_OCTUBRE_2018.xlsx",6,4,0,20,1,"2018-10-01",10
"MONCLOA - ARAVACA","DATOS_OCTUBRE_2018.xlsx",5,2,0,17,3,"2018-10-01",9
"MORATALAZ","DATOS_OCTUBRE_2018.xlsx",6,3,0,10,3,"2018-10-01",14
"PUENTE DE VALLECAS","DATOS_OCTUBRE_2018.xlsx",20,30,11,66,10,"2018-10-01",13
"RETIRO","DATOS_OCTUBRE_2018.xlsx",9,7,2,11,1,"2018-10-01",3
"SALAMANCA","DATOS_OCTUBRE_2018.xlsx",12,42,0,13,3,"2018-10-01",4
"SAN BLAS - CANILLEJAS","DATOS_OCTUBRE_2018.xlsx",14,22,0,19,1,"2018-10-01",20
"SIN DISTRITO ASIGNADO","DATOS_OCTUBRE_2018.xlsx",196,235,9,96,20,"2018-10-01",24
"TETUÁN","DATOS_OCTUBRE_2018.xlsx",16,25,6,23,9,"2018-10-01",6
"TOTAL","DATOS_OCTUBRE_2018.xlsx",420,531,54,705,181,"2018-10-01",23
"USERA","DATOS_OCTUBRE_2018.xlsx",4,13,2,14,4,"2018-10-01",12
"VICÁLVARO","DATOS_OCTUBRE_2018.xlsx",0,0,1,19,2,"2018-10-01",19
"VILLA DE VALLECAS","DATOS_OCTUBRE_2018.xlsx",7,6,4,35,17,"2018-10-01",18
"VILLAVERDE","DATOS_OCTUBRE_2018.xlsx",18,24,1,25,2,"2018-10-01",17
"ARGANZUELA","DATOS_NOVIEMBRE 2018.xlsx",5,8,3,5,2,"2018-11-01",2
"BARAJAS","DATOS_NOVIEMBRE 2018.xlsx",5,10,0,1,0,"2018-11-01",21
"CARABANCHEL","DATOS_NOVIEMBRE 2018.xlsx",14,17,5,25,3,"2018-11-01",11
"CENTRO","DATOS_NOVIEMBRE 2018.xlsx",38,48,21,156,63,"2018-11-01",1
"CHAMARTÍN","DATOS_NOVIEMBRE 2018.xlsx",18,13,0,17,1,"2018-11-01",5
"CHAMBERÍ","DATOS_NOVIEMBRE 2018.xlsx",8,5,0,18,6,"2018-11-01",7
"CIUDAD LINEAL","DATOS_NOVIEMBRE 2018.xlsx",36,29,2,11,2,"2018-11-01",15
"FUENCARRAL - EL PARDO","DATOS_NOVIEMBRE 2018.xlsx",4,3,0,18,1,"2018-11-01",8
"HORTALEZA","DATOS_NOVIEMBRE 2018.xlsx",10,7,1,14,6,"2018-11-01",16
"LATINA","DATOS_NOVIEMBRE 2018.xlsx",3,7,1,26,1,"2018-11-01",10
"MONCLOA - ARAVACA","DATOS_NOVIEMBRE 2018.xlsx",7,9,0,3,0,"2018-11-01",9
"MORATALAZ","DATOS_NOVIEMBRE 2018.xlsx",2,1,3,18,5,"2018-11-01",14
"PUENTE DE VALLECAS","DATOS_NOVIEMBRE 2018.xlsx",17,29,25,61,12,"2018-11-01",13
"RETIRO","DATOS_NOVIEMBRE 2018.xlsx",6,6,0,17,1,"2018-11-01",3
"SALAMANCA","DATOS_NOVIEMBRE 2018.xlsx",8,37,1,9,4,"2018-11-01",4
"SAN BLAS - CANILLEJAS","DATOS_NOVIEMBRE 2018.xlsx",20,23,0,32,4,"2018-11-01",20
"SIN DISTRITO ASIGNADO","DATOS_NOVIEMBRE 2018.xlsx",193,229,4,49,52,"2018-11-01",24
"TETUÁN","DATOS_NOVIEMBRE 2018.xlsx",14,23,1,22,5,"2018-11-01",6
"TOTAL","DATOS_NOVIEMBRE 2018.xlsx",435,553,87,576,247,"2018-11-01",23
"USERA","DATOS_NOVIEMBRE 2018.xlsx",9,20,4,25,2,"2018-11-01",12
"VICÁLVARO","DATOS_NOVIEMBRE 2018.xlsx",0,1,1,0,0,"2018-11-01",19
"VILLA DE VALLECAS","DATOS_NOVIEMBRE 2018.xlsx",2,10,9,16,74,"2018-11-01",18
"VILLAVERDE","DATOS_NOVIEMBRE 2018.xlsx",16,18,6,33,3,"2018-11-01",17
